LOCATION,SUBURB,Reason Code,Audit Date
Abey Road,COBBLEBANK,BCD,May-2024
Acacia Street,GLENROY,BCD,Aug-2024
Adam Street,GOLDEN SQUARE,ACD,May-2024
Agar Road,CORONET BAY,BC,Sep-2024
Airport Drive,MELBOURNE AIRPORT,ABCD,T
Aitken Boulevard,ROXBURGH PARK,ABC,Aug-2024
Aitken Boulevard,CRAIGIEBURN,ABCD,Aug-2024
Aitken Street,ALEXANDRA,C,Apr-2024
Albert Road,WARRAGUL,ABC,T
Albert Road,SOUTH MELBOURNE,ABCD,Apr-2024
Albert Street,EAST MELBOURNE,A,Aug-2024
Albion Street,BRUNSWICK WEST,ABC,Aug-2024
Alexanders Road,MORWELL,BC,Feb-2024
Alexandra Street,GREENSBOROUGH,BD,May-2024
Alfred Street,HEIDELBERG HEIGHTS,ABCD,Apr-2024
Allan Street,KYABRAM,ABCD,May-2024
Allenby Avenue,RESERVOIR,C,Aug-2024
Allies Road,MYERS FLAT,AC,May-2024
Allingham Street,KANGAROO FLAT,BCD,May-2024
Alma Street,TOOTGAROOK,BC,Sep-2024
Ambrose Treacy Drive,BUNDOORA,BC,Aug-2024
Anakie Road,BELL PARK,BC,Aug-2024
Anderson Road,SUNSHINE,ABCD,Jun-2024
Anderson Road,FAWKNER,C,Aug-2024
Anderson Street,MELBOURNE,BCD,Aug-2024
Andersons Creek Road,DONCASTER EAST,ABCD,Jun-2024
Anzac Avenue,SEYMOUR,ABCD,T
Anzac Parade,BANDIANA,ABCD,Aug-2024
Anzac Road,TRAFALGAR,B,T
Apollo Road,TAYLORS LAKES,BC,May-2024
Ararat-Halls Gap Road,POMONAL,ABC,T
Ararat-Halls Gap Road,JALLUKAR,AC,T
Ararat-Halls Gap Road,MOYSTON,AC,T
Arcadia Avenue,THE BASIN,ABCD,Jul-2024
Army Road,PAKENHAM,B,Apr-2024
Army Road,PAKENHAM UPPER,BC,Apr-2024
Arnot Street,BONNIE DOON,BCD,Apr-2024
Arthur Street,ST ALBANS,BCD,Jun-2024
Arthurs Creek Road,ARTHURS CREEK,ABC,Aug-2024
Arthurs Creek Road,YAN YEAN,AC,Aug-2024
Arthurs Seat Road,RED HILL,BCD,Sep-2024
Arundel Road,KEILOR,C,May-2024
Ascot Vale Road,ASCOT VALE,C,Aug-2024
Atherton Road,OAKLEIGH,ABCD,Jun-2024
Atkins Road,PAKENHAM,B,Apr-2024
Auburn Road,HAWTHORN,ABD,Jun-2024
Aughtie Drive,ALBERT PARK,BC,Jun-2024
Avenel Road,SEYMOUR,BC,Aug-2024
Avenel-Nagambie Rd,AVENEL,C,Aug-2024
Avenel-Nagambie Road,AVENEL,C,Aug-2024
Avenue of Honour,WOODEND NORTH,ACD,May-2024
Averys Road,EAGLEHAWK,ABCD,May-2024
Avondale Avenue,ST ALBANS,BC,May-2024
Axe Creek Road,AXE CREEK,C,May-2024
Bacchus Marsh Road,LITTLE RIVER,ABCD,T
Bacchus Marsh Road,CORIO,ABCD,T
Back Beach Road,VENTNOR,A,Sep-2024
Back Eildon Road,THORNTON,C,Apr-2024
Back Porepunkah Road,POREPUNKAH,ABCD,Apr-2024
Bakers Road,NOBLE PARK NORTH,C,Aug-2024
Balcombe Road,BEAUMARIS,ABC,Mar-2024
Balcombe Road,MENTONE,AC,Jun-2024
Ballan Road,BATESFORD,ABC,Aug-2024
Ballan Road,WYNDHAM VALE,C,T
Ballan-Daylesford Road,BUNDING,ABC,Aug-2024
Ballan-Daylesford Road,KORWEINGUBOORA,ABC,Aug-2024
Ballarat Road,MAIDSTONE,ABC,Apr-2024
Ballarat Road,DEER PARK,ABCD,May-2024
Ballarat Road,RAVENHALL,BC,May-2024
Ballarat Road,FOOTSCRAY,C,T
Ballarat Road,HAMILTON,C,May-2024
Ballarat-Maryborough Road,DAISY HILL,ACD,Aug-2024
Ballarto Road,SKYE,ABC,Sep-2024
Ballarto Road,CARRUM DOWNS,C,Sep-2024
Balwyn Road,BALWYN,C,May-2024
Bambra Road,CAULFIELD SOUTH,C,Jun-2024
Banbury Road,RESERVOIR,BCD,Aug-2024
Bandiana Link,WODONGA,ABCD,Aug-2024
Bandiana Link Road,WODONGA,ABCD,May-2024
Bank Street,AVENEL,C,Aug-2024
Banksia Street,HEIDELBERG HEIGHTS,BC,Aug-2024
Banksia Street,IVANHOE,BCD,Aug-2024
Bannons Lane,YARRAMBAT,AC,Aug-2024
Banyule Road,VIEWBANK,ABCD,Aug-2024
Baranduda Boulevard,LENEVA,ABCD,May-2024
Baranduda Boulevard,BARANDUDA,ABCD,Aug-2024
Barkers Road,HAWTHORN EAST,ACD,Jul-2024
Barkers Road,KEW,ACD,Jul-2024
Barkly Street,WEST FOOTSCRAY,C,T
Barkly Street West,ARARAT,B,T
Barmah-Shepparton Road,BUNBARTHA,ABCD,Aug-2024
Barmah-Shepparton Road,ZEERUST,AC,Aug-2024
Barnes Boulevard,HORSHAM,C,T
Barrabool Road,HIGHTON,BC,Aug-2024
Barrands Lane,DRYSDALE,ABCD,Aug-2024
Barries Road,MELTON,C,May-2024
Barry Road,COOLAROO,ABC,Aug-2024
Barry Road,DALLAS,ABCD,Aug-2024
Barry Road,CAMPBELLFIELD,BCD,Aug-2024
Barrymore Road,GREENVALE,C,Aug-2024
Barwon Heads Road,CONNEWARRE,ABC,Aug-2024
Bass Highway,INVERLOCH,ABC,Sep-2024
Bass Highway,LANG LANG,ABCD,T
Bass Highway,LANG LANG SOUTH,AC,Sep-2024
Bass Highway,DALYSTON,C,Sep-2024
Bass Highway,LEONGATHA SOUTH,C,Sep-2024
Bass Highway,THE GURDIES,C,Sep-2024
Bass Highway,WONTHAGGI,C,Sep-2024
Batesford Road,CHADSTONE,ABCD,Nov-2023
Batesford Road,MALVERN EAST,CD,Jun-2024
Baxter-Tooradin Road,BAXTER,ABC,Sep-2024
Baxter-Tooradin Road,PEARCEDALE,B,Apr-2024
Baxter-Tooradin Road,DEVON MEADOWS,C,Apr-2024
Bayswater Road,CROYDON,ABCD,Jul-2024
Bayview Road,ROSEBUD,C,Sep-2024
Beach Road,BLACK ROCK,ABCD,Jun-2024
Beach Road,BEAUMARIS,AC,Mar-2024
Beach Road,SANDRINGHAM,ACD,Jun-2024
Beach Road,MORDIALLOC,C,Mar-2024
Beach Road,PARKDALE,C,Jun-2024
Beach Street,FRANKSTON,C,Sep-2024
Beacon Point Road,CLIFTON SPRINGS,BC,Aug-2024
Beaconsfield Parade,MIDDLE PARK,ABCD,Jun-2024
Beaconsfield Parade,ALBERT PARK,BCD,Jun-2024
Beaconsfield-Emerald Road,BEACONSFIELD,A,Apr-2024
Beaconsfield-Emerald Road,DEWHURST,AC,Apr-2024
Beaufort-Skipton Road,LAKE GOLDSMITH,C,Jan-2024
Beechworth Road,WODONGA,ABCD,Aug-2024
Beechworth-Wodonga Road,LENEVA,C,May-2024
Belgrave Road,MALVERN EAST,C,Jun-2024
Belgrave-Hallam Road,NARRE WARREN EAST,ABC,Jul-2024
Belgrave-Hallam Road,NARRE WARREN NORTH,B,Apr-2024
Bell Street,HEIDELBERG WEST,ABCD,Aug-2024
Bell Street,COBURG,AC,Aug-2024
Bellarine Highway,LEOPOLD,ACD,Aug-2024
Bellbridge Drive,HOPPERS CROSSING,C,T
Bells Avenue,KALKALLO,ABC,Aug-2024
Belmore Road,BOX HILL NORTH,C,Jan-2024
Belmore Road,BALWYN,C,Jun-2024
Benalla-Winton Road,BENALLA,BC,May-2024
Benalla-Yarrawonga Road,GOORAMBAT,ABC,Apr-2024
Benalla-Yarrawonga Road,DEVENISH,C,Apr-2024
Bendigo-Maldon Road,MALDON,C,Aug-2024
Bendigo-Maryborough Road,LOCKWOOD,AC,May-2024
Bendigo-Maryborough Road,SHELBOURNE,AC,May-2024
Bendigo-Maryborough Road,HAVELOCK,BC,Aug-2024
Bendigo-Murchison Road,WANALTA,ABC,May-2024
Bendigo-Murchison Road,MURCHISON,BC,Aug-2024
Bendigo-Pyramid Hill Road,RAYWOOD,ACD,May-2024
Bendigo-Pyramid Hill Road,WOODVALE,CD,May-2024
Bendigo-Redesdale Road,STRATHFIELDSAYE,C,May-2024
Benetook Avenue,MILDURA SOUTH,ABC,Aug-2024
Benetook Avenue,MILDURA,ABCD,Aug-2024
Benetook Avenue,KOORLONG,C,Aug-2024
Bengworden Road,CLYDEBANK,ABC,Dec-2023
Bengworden Road,BENGWORDEN,BCD,Dec-2023
Bengworden Road,COBAINS,C,Dec-2023
Bengworden Road,PERRY BRIDGE,C,Dec-2023
Bennett Road,HORSHAM,C,T
Bergins Road,ROWVILLE,ABC,Jul-2024
Berkshire Road,SUNSHINE NORTH,ABCD,May-2024
Berrabri Drive,SCORESBY,BC,Jul-2024
Biggs Street,ST ALBANS,BC,May-2024
Birchip-Wycheproof Road,BIRCHIP,C,Aug-2024
Birregurra Forrest  Road,BARWON DOWNS,AC,Aug-2024
Birregurra Forrest Road,MURROON,AC,Aug-2024
Black Dog Drive,BROOKFIELD,ABCD,May-2024
Black Flat Road,WHITTLESEA,C,Aug-2024
Black Forest Drive,MACEDON,AC,May-2024
Black Forest Road,WERRIBEE,C,T
Black Forest Road,WYNDHAM VALE,C,T
Blackburn Road,BLACKBURN SOUTH,ACD,Jun-2024
Blackburn Road,GLEN WAVERLEY,C,Jun-2024
Blackburn Road,MOUNT WAVERLEY,C,Jun-2024
Blackgate Road,CONNEWARRE,ABCD,Aug-2024
Blackshaws Road,ALTONA NORTH,C,T
Blackshaws Road,SPOTSWOOD,C,T
Bloomfield Road,NILMA NORTH,BC,T
Bluff Road,HAMPTON,ABC,Mar-2024
Bluff Road,SANDRINGHAM,ABC,Mar-2024
Blyth Street,ALTONA,BC,T
Bobs Street,WHITE HILLS,BC,May-2024
Boes Road,TYABB,BC,Sep-2024
Bogong High Plains Road,FALLS CREEK,ABCD,May-2024
Bolton Street,ELTHAM,ABCD,Aug-2024
Boneo Road,ROSEBUD,C,Sep-2024
Booran Road,GLEN HUNTLY,C,Mar-2024
Boort-Kerang Road,KERANG,BC,T
Booth Street,PRESTON,BCD,Aug-2024
Borung Highway,WOOROONOOK,AC,Aug-2024
Borung Highway,DONALD,C,Aug-2024
Botha Avenue,RESERVOIR,C,Aug-2024
Boundary Road,BRAESIDE,ABCD,T
Boundary Road,NEWCOMB,BC,Aug-2024
Boundary Road,MORDIALLOC,C,Jun-2024
Boundary Road,PASCOE VALE,C,Aug-2024
Boundary Street,KERANG,C,T
Bourke Road,CLARINDA,AC,Mar-2024
Bowden Street,CASTLEMAINE,ABCD,Aug-2024
Bowen Street,CAMBERWELL,BCD,Jun-2024
Bowser Road,NORTH WANGARATTA,ABCD,Aug-2024
Bowser Road,NORTH WANGARATTA,CD,May-2024
Bradford Road,MOUNT MARTHA,BCD,Sep-2024
Brady Road,DANDENONG NORTH,C,Aug-2024
Braeswood Road,KINGS PARK,BCD,Jun-2024
Brandy Creek Road,WARRAGUL,AC,T
Breadalbane Avenue,MERNDA,BC,Aug-2024
Bree Road,HAMILTON,C,May-2024
Bridge Inn Road,MERNDA,BC,Aug-2024
Bridge Street,BENALLA,C,May-2024
Bridgewater Road,PORTLAND,C,T
Bridgewater Road,TREWALLA,C,T
Bridgewater Road,CRAIGIEBURN,C,Aug-2024
Bridgewater-Serpentine Road,BRIDGEWATER,C,Aug-2024
Bridle Road,MORWELL,ABCD,Feb-2024
Bright Street,CALIFORNIA GULLY,BCD,May-2024
Broad Gully Road,DIAMOND CREEK,BC,Aug-2024
Broadford-Flowerdale Road,STRATH CREEK,C,Aug-2024
Broadford-Kilmore Road,KILMORE,ABCD,Aug-2024
Broadford-Kilmore Road,BROADFORD,C,Aug-2024
Broadford-Wandong  Road,BROADFORD,C,Aug-2024
Broadford-Wandong Road,BROADFORD,C,Aug-2024
Broadford-Wandong Road,KILMORE EAST,C,Aug-2024
Broadhurst Avenue,RESERVOIR,AC,Aug-2024
Broadmeadows Road,TULLAMARINE,C,Aug-2024
Broadmeadows Road Deviation,WESTMEADOWS,BC,Aug-2024
Broadway,RESERVOIR,AC,Aug-2024
Broadway,DUNOLLY,BCD,Aug-2024
Brodie Street,WANGARATTA,BC,May-2024
Broken River Drive,SHEPPARTON,ABC,Aug-2024
Bromley Road,ROBINVALE,C,T
Brooke Street,TOWONG,C,May-2024
Brooklyn Road,BROOKFIELD,ABCD,May-2024
Brossard Road,MICKLEHAM,ABC,Aug-2024
Brown Road,PAKENHAM,B,Apr-2024
Browning Street,ORBOST,BC,May-2024
Browning Street,PORTLAND,C,T
Browns Road,BOTANIC RIDGE,B,Apr-2024
Browns Road,NOBLE PARK,C,Aug-2024
Browns Road,NOBLE PARK NORTH,C,Aug-2024
Brunswick Road,BRUNSWICK,C,Aug-2024
Bruthen-Nowa Nowa Road,NOWA NOWA,C,Dec-2023
Buckley Street,KEILOR EAST,BC,Aug-2024
Buckley Street,ESSENDON,C,Aug-2024
Buckley Street,ESSENDON WEST,C,Aug-2024
Bulban Road,WERRIBEE,ABCD,T
Bulla Road,ESSENDON NORTH,ABCD,T
Bulla Road,BULLA,ABCD,Aug-2024
Bulla Road,STRATHMORE,ABCD,Aug-2024
Bulleen Road,BALWYN NORTH,C,Jun-2024
Bungower Road,MOOROODUC,ABCD,Sep-2024
Bungower Road,SOMERVILLE,ABCD,Sep-2024
Burke Road,GLEN IRIS,C,Jun-2024
Burke Road,MALVERN EAST,C,Jun-2024
Burns Street,MARYBOROUGH,BCD,Aug-2024
Burns Street,HAMILTON,C,May-2024
Burton Avenue,KYNETON,ABCD,T
Burwood Highway,KNOXFIELD,ABC,Jul-2024
Burwood Highway,WANTIRNA,ABCD,Jul-2024
Burwood Highway,WANTIRNA SOUTH,ABCD,Jul-2024
Burwood Highway,VERMONT SOUTH,ACD,Jun-2024
Butcher Street,ECHUCA,BCD,May-2024
Buxton Marysville Road,MARYSVILLE,ACD,Apr-2024
Cairns Road,HAMPTON PARK,BC,Apr-2024
CALDER ALTERNATIVE Highway,RAVENSWOOD,ACD,May-2024
Calder Alternative Highway,MARONG,C,May-2024
Calder Freeway,HARCOURT,ABC,Aug-2024
Calder Freeway,KEILOR NORTH,ABCD,Jun-2024
Calder Freeway,CARLSRUHE,ACD,May-2024
Calder Freeway,GISBORNE,ACD,May-2024
Calder Freeway,GISBORNE SOUTH,ACD,May-2024
Calder Freeway,KYNETON,ACD,May-2024
Calder Freeway,MACEDON,ACD,May-2024
Calder Freeway,MALMSBURY,ACD,May-2024
Calder Freeway,TARADALE,ACD,May-2024
Calder Freeway,ELPHINSTONE,ACD,Aug-2024
Calder Freeway,FARADAY,ACD,Aug-2024
Calder Freeway,RAVENSWOOD SOUTH,ACD,Aug-2024
Calder Highway,SEA LAKE,A,Aug-2024
Calder Highway,OUYEN,ABC,Aug-2024
Calder Highway,MARONG,ABCD,May-2024
Calder Highway,IRYMPLE,ABCD,Aug-2024
Calder Highway,RED CLIFFS,ABCD,Aug-2024
Calder Highway,YATPOOL,ABCD,Aug-2024
Calder Highway,BIRDWOODTON,AC,Aug-2024
Calder Highway,HATTAH,AC,Aug-2024
Calder Highway,BIG HILL,ACD,May-2024
Calder Highway,MAIDEN GULLY,ACD,May-2024
Calder Highway,RAVENSWOOD,ACD,May-2024
Calder Highway,RAVENSWOOD SOUTH,ACD,Aug-2024
Calder Highway,MERBEIN,BCD,Aug-2024
Calder Highway,LEICHARDT,C,May-2024
Calder Highway,BRIDGEWATER ON LODDON,C,Aug-2024
Calder Highway,CABARITA,C,Aug-2024
Calder Highway,DERBY,C,Aug-2024
Calder Highway,GLENALBYN,C,Aug-2024
Calder Highway,KURTING,C,Aug-2024
Calder Highway,MERBEIN WEST,C,Aug-2024
Calder Highway,MITTYACK,C,Aug-2024
Calder Highway,YELTA,C,Aug-2024
Calder Highway,BERRIWILLOCK,C,Aug-2024
Calder Highway,CULGOA,C,Aug-2024
Calder Highway,DUMOSA,C,Aug-2024
Calder Highway,NANDALY,C,Aug-2024
Calder Highway,NINDA,C,Aug-2024
Calder Highway,NULLAWIL,C,Aug-2024
Calder Highway,TEDDYWADDY,C,Aug-2024
Calder Highway,WARNE,C,Aug-2024
Calder Highway,WOOSANG,C,Aug-2024
Calder Highway,WYCHEPROOF SOUTH,C,Aug-2024
Calder Park Drive,SYDENHAM,ABCD,May-2024
Calder Park Drive,TAYLORS HILL,BC,May-2024
Caldwells Road,EAGLEHAWK,BCD,May-2024
Caledonia Street,ST ANDREWS,BCD,Aug-2024
Callaghan Street,EPSOM,BCD,May-2024
Calvert Street,BAIRNSDALE,C,Dec-2023
Cambden Park Parade,FERNTREE GULLY,BC,Feb-2024
Camelot Drive,GLEN WAVERLEY,C,Jun-2024
Cameron Parade,BUNDOORA,ABC,Aug-2024
Camp Road,BROADMEADOWS,AC,Aug-2024
Campaspe Esplanade,ECHUCA,CD,May-2024
Campbell Street,ARARAT,B,T
Canadian Bay Road,MOUNT ELIZA,BC,Sep-2024
Canning Street,AVONDALE HEIGHTS,AC,Aug-2024
Canterbury Road,BAYSWATER NORTH,A,Jul-2024
Canterbury Road,MIDDLE PARK,ABCD,Jun-2024
Canterbury Road,VERMONT,ACD,Jun-2024
Canterbury Road,MONTROSE,BC,May-2024
Canterbury Road,BLACKBURN SOUTH,C,Jun-2024
Canterbury Road,BOX HILL,C,Jun-2024
Cape Nelson Road,PORTLAND,C,T
Cape Otway Road,BIRREGURRA,ABC,Aug-2024
Cape Otway Road,WINCHELSEA,ABC,Aug-2024
Carnarvon Road,STRATHMORE,C,Aug-2024
Carngham Road,BUNKERS HILL,C,Aug-2024
Carngham Road,HADDON,C,Aug-2024
Carpenter Street,QUARRY HILL,ABCD,May-2024
Carpenter Street,SPRING GULLY,BCD,May-2024
Carrick Drive,GLADSTONE PARK,ABC,Aug-2024
Carroll Road,OAKLEIGH SOUTH,C,Jun-2024
Castlemaine-Maldon Road,MUCKLEFORD,C,Aug-2024
Centenary  Avenue,MELTON,C,May-2024
Centenary Avenue,MELTON,ABCD,May-2024
Centenary Avenue,MELTON WEST,B,May-2024
Centenary Drive,MILL PARK,AC,Aug-2024
Central Avenue,ALTONA MEADOWS,BCD,T
Central Park Road,MALVERN EAST,BCD,Jun-2024
Central Road,NUNAWADING,C,Jun-2024
Centre Dandenong Road,MOORABBIN AIRPORT,AC,Mar-2024
Centre Dandenong Road,CHELTENHAM,C,Mar-2024
Centre Road,BENTLEIGH EAST,AC,Jun-2024
Centre Road,OAKLEIGH SOUTH,AC,Jun-2024
Centre Road,LANGWARRIN,BC,Sep-2024
Centre Road,BENTLEIGH,C,Mar-2024
Chadstone Road,MALVERN EAST,C,Jun-2024
Champion Road,NEWPORT,C,T
Champions Parade,WOLLERT,BCD,Aug-2024
Chandler Road,KEYSBOROUGH,BC,Aug-2024
Chapel Road,KEYSBOROUGH,BC,Aug-2024
Chapel Street,SOUTH YARRA,ACD,Jun-2024
Chapple Street,WODONGA,ABCD,May-2024
Charlton-St Arnaud Road,ST ARNAUD,C,T
Chauncey Street,LANCEFIELD,C,May-2024
Cheddar Road West,RESERVOIR,BCD,Aug-2024
Chenery Street,MANSFIELD,C,Apr-2024
Cherry Tree Road,PANTON HILL,AC,Aug-2024
Chesterville Road,CHELTENHAM NORTH,C,Mar-2024
Chifley Drive,PRESTON,BCD,Aug-2024
Childers Street,PORTLAND,C,Nov-2023
Childs Road,LALOR,ABCD,Aug-2024
Childs Road,MILL PARK,ABCD,Aug-2024
Chisholm Street,BLACK HILL,ABCD,T
Chisholm Street,BALLARAT,C,Aug-2024
Christies Road,LEOPOLD,AC,Aug-2024
Chum Creek Road,HEALESVILLE,ABCD,Aug-2024
Chum Street,GOLDEN SQUARE,BCD,May-2024
Church Road,NYAH,C,T
Church Street,GROVEDALE,BC,Aug-2024
Church Street,RICHMOND,BCD,Aug-2024
Churchill-Traralgon Road,TRARALGON,AC,Feb-2024
Cimberwood Drive,CRAIGIEBURN,C,Aug-2024
Civic Parade,ALTONA,C,T
Claremont Avenue,MALVERN,BCD,Jun-2024
Clarendon Street,EAST MELBOURNE,AD,Apr-2024
Clarendon Street,THORNBURY,BCD,T
Clarinda Road,CLARINDA,AC,Mar-2024
Clarke Road,SPRINGVALE SOUTH,C,Aug-2024
Clarkes Road,BROOKFIELD,BC,May-2024
Clayton Road,CLAYTON,C,Jun-2024
Clendon Road,TOORAK,BCD,Aug-2024
Clifton Springs Road,CLIFTON SPRINGS,BC,Aug-2024
Clyde Road,BERWICK,ABCD,Apr-2024
Clyde-Five Ways Road,CLYDE,BC,Apr-2024
Cobb And Co Road,CARLSRUHE,ABCD,T
Cobden-Warrnambool Road,GLENFYNE,ABC,Nov-2023
Coburns Road,MELTON,BCD,May-2024
Coburns Road,KURUNJANG,BCD,May-2024
Coburns Road,MELTON SOUTH,BCD,May-2024
Coburns Road,TOOLERN VALE,C,May-2024
Cohuna Island Road,COHUNA,C,T
Cohuna-Koondrook Road,GANNAWARRA,C,T
Cohuna-Koondrook Road,KOONDROOK,C,T
Cohuna-Leitchville Road,LEITCHVILLE,BC,T
Colac Forrest Road,YEODENE,AC,Aug-2024
Colac Road,HIGHTON,ABCD,T
Colac-Ballarat  Road,WEERING,BC,Aug-2024
Colac-Ballarat Road,CAMBRIAN HILL,ABCD,Aug-2024
Colac-Ballarat Road,CORINDHAP,BCD,Aug-2024
Colac-Ballarat Road,NAPOLEONS,BCD,Aug-2024
Colac-Lavers Hill Road,BARONGAROOK,C,Aug-2024
Coleraine-Balmoral Road,BALMORAL,C,May-2024
Commercial Road,MORWELL,ABC,Apr-2024
Commercial Street,MERBEIN,BC,Aug-2024
Condon Street,KENNINGTON,ABCD,May-2024
Cook Street,PORT MELBOURNE,ABCD,T
Cookes Road,DOREEN,BC,Aug-2024
Coolart Road,BITTERN,BC,Sep-2024
Coombes Road,TORQUAY,BC,Aug-2024
Cooper Street,SOMERTON,ABC,Aug-2024
Copelands Road,WARRAGUL,BCD,T
Coppards Road,MOOLAP,BC,Aug-2024
Coppards Road,NEWCOMB,C,Aug-2024
Copperfield Drive,DELAHEY,BC,May-2024
Cornwall Road,SUNSHINE,ABC,May-2024
Coronation Avenue,SWAN HILL,C,Aug-2024
Corrigan Road,KEYSBOROUGH,C,Aug-2024
Corrigan Road,NOBLE PARK,C,Aug-2024
Coulstock Street,WARRNAMBOOL,C,Nov-2023
Cowra Avenue,IRYMPLE,ABC,Aug-2024
Cowra Avenue,MILDURA,ABC,Aug-2024
Cox Road,NORLANE,AC,Aug-2024
Craig Road,CRANBOURNE SOUTH,B,Apr-2024
Craig Road,DEVON MEADOWS,B,Apr-2024
Craigie Road,MOUNT MARTHA,C,Sep-2024
Craigieburn Road,WOLLERT,ABCD,T
Craigieburn Road,WOLLERT,AC,Aug-2024
Craigieburn Road,CRAIGIEBURN,AC,Aug-2024
Cramer Street,WARRNAMBOOL,C,Nov-2023
Cranbourne-Frankston Road,LANGWARRIN,ABC,Sep-2024
CRANE Street,JACKASS FLAT,ACD,May-2024
Cravens Road,MERNDA,BCD,Aug-2024
Creswick Road,BALLARAT CENTRAL,ABCD,T
Creswick Road,BALLARAT,C,Aug-2024
Creswick-Newstead Road,CAMPBELLTOWN,ABCD,Aug-2024
Creswick-Newstead Road,NEWSTEAD,C,Aug-2024
Crook Street,KENNINGTON,BCD,May-2024
Crusoe Road,KANGAROO FLAT,ABCD,May-2024
Cureton Avenue,MILDURA,AC,Aug-2024
Curlewis Road,CURLEWIS,C,Aug-2024
Curlewis Street,SWAN HILL,C,Aug-2024
Curtin Street,FLORA HILL,BCD,May-2024
Cuthberts Road,LUCAS,ABCD,Aug-2024
Dalmore Road,KOO WEE RUP,BC,Apr-2024
Dalrymple Road,SUNBURY,C,Aug-2024
Dalton Road,EPPING,ABCD,T
Dalton Road,LALOR,BCD,Aug-2024
Dandenong Bypass,DANDENONG SOUTH,BC,Aug-2024
Dandenong Road,CAULFIELD NORTH,ABCD,Apr-2024
Dandenong Road,MALVERN,ABCD,Apr-2024
Dandenong Road,PRAHRAN,ABCD,Jun-2024
Dandenong Road,WINDSOR,ABCD,Jun-2024
Dandenong Road East,FRANKSTON,ABC,Sep-2024
Dandenong-Hastings Road,CRANBOURNE,C,Apr-2024
Dandenong-Hastings Road,TYABB,C,Sep-2024
Danks Street,MIDDLE PARK,ABCD,Jun-2024
Darebin Road,THORNBURY,BCD,Aug-2024
Dargo road,LINDENOW,C,Dec-2023
Darian Road,TORQUAY,BC,Aug-2024
Darling Road,MALVERN EAST,C,Jun-2024
Darlington Road,STAWELL,C,T
Dartmoor-Hamilton Road,YULECART,ABC,May-2024
Dartmoor-Hamilton Road,HAMILTON,C,May-2024
Davisson Street,EPPING,C,Aug-2024
Daylesford-Malmsbury Road,DENVER,ABCD,Aug-2024
Dead Horse Lane,MANSFIELD,BCD,May-2024
Deakin Avenue,MILDURA,ABC,Aug-2024
Deep Creek Road,MITCHAM,BC,Jun-2024
Delatite Road,SEYMOUR,C,Aug-2024
Delta Road,GREENSBOROUGH,ABCD,Aug-2024
Dendy Street,BRIGHTON,A,Mar-2024
Dendy Street,BRIGHTON EAST,ABC,Mar-2024
Derrimut Road,HOPPERS CROSSING,ABCD,Apr-2024
Devon Road,PASCOE VALE,C,Aug-2024
Devonshire Road,SUNSHINE,BCD,Jun-2024
Diggers Rest Coimadai Road,TOOLERN VALE,ABCD,May-2024
Diggers Rest-Coimadai Road,COIMADAI,ABCD,Aug-2024
Diggers Rest-Coimadai Road,DIGGERS REST,BCD,May-2024
Diggers Rest-Coimadai Road,TOOLERN VALE,BCD,May-2024
Dinah Parade,KEILOR EAST,C,Aug-2024
Dingley Bypass,DINGLEY VILLAGE,ABCD,T
Dingley Bypass,CLARINDA,ABCD,T
Dingley Bypass,HEATHERTON,AC,Mar-2024
Dohertys Road,ALTONA NORTH,ABCD,T
Dohertys Road,TRUGANINA,BCD,T
Don Road,BADGER CREEK,AC,Jul-2024
Donald Cameron Drive,ROXBURGH PARK,C,Aug-2024
Donald-Swan Hill Road,KALPIENUNG,C,Aug-2024
Donald-Swan Hill Road,LALBERT,C,Aug-2024
Donald-Swan Hill Road,SWAN HILL,C,Aug-2024
Donnybrook Road,MICKLEHAM,ABC,Aug-2024
Donnybrook Road,YAN YEAN,C,Aug-2024
Donovans Way,MANSFIELD,BCD,Apr-2024
Dooen Road,HORSHAM,C,T
Dorset Road,CROYDON,ABC,Jul-2024
Doveton Street North,INVERMAY PARK,BC,Aug-2024
Doveton Street North,BALLARAT NORTH,BCD,Aug-2024
Downes Road,CASTLEMAINE,C,Aug-2024
Driscolls Road,KEALBA,BC,May-2024
Dromana Parade,SAFETY BEACH,ABCD,Sep-2024
Drummond Street South,BALLARAT,C,Aug-2024
Drysdale-Ocean Grove Road,WALLINGTON,BC,Aug-2024
Duff Street,CRANBOURNE WEST,B,Apr-2024
Duke Street,SUNSHINE,ABCD,May-2024
Dunblane Road,NOBLE PARK,BC,Aug-2024
Duncan Drive,PAKENHAM,BC,Apr-2024
Duncans Road,WERRIBEE,C,T
Dundas Road,MARYBOROUGH,BCD,Aug-2024
Dundas Street,PRESTON,ABC,Aug-2024
Dundas Street,RYE,C,Sep-2024
Dunkeld-Cavendish Road,MOUTAJUP,AC,May-2024
Dunne Street,KINGSBURY,ABC,Aug-2024
Dunns Creek Road,DROMANA,ABC,Sep-2024
Dunns Road,MOUNT MARTHA,BC,Sep-2024
Dwyer Street,KALKALLO,ABCD,Aug-2024
Dynon Road,WEST MELBOURNE,ABCD,Aug-2024
Earl Street,KEW,ABCD,T
East Boundary Road,BENTLEIGH EAST,C,Jun-2024
East Esplanade,ST ALBANS,BCD,May-2024
East Street,HADFIELD,BC,Aug-2024
Eastbourne Road,ROSEBUD,ABC,Sep-2024
Eastfield Road,CROYDON,BCD,Jul-2024
Eaststone Avenue,WOLLERT,BCD,Jun-2024
Echuca-Kyabram Road,ECHUCA,BCD,May-2024
Echuca-Mooroopna Road,MOOROOPNA NORTH,BC,Aug-2024
Echuca-Mooroopna Road,UNDERA,BC,Aug-2024
Echuca-Mooroopna Road,ST GERMAINS,C,Aug-2024
Edenvale Boulevard,WOLLERT,BCD,Aug-2024
Edgar Street,PORTLAND,C,T
Edgars Road,LALOR,ABCD,Aug-2024
Edgars Road,EPPING,BC,Jan-2024
Edgars Road,WOLLERT,BCD,Jul-2024
Edithvale Road,CHELSEA HEIGHTS,AC,Jun-2024
Edward Road,CHIRNSIDE PARK,ABC,Jul-2024
Edwardes Street,RESERVOIR,BCD,Aug-2024
Edwards Road,JACKASS FLAT,ABCD,May-2024
Eighth Street,MILDURA,ABCD,Aug-2024
Eildon-Jamieson Road,EILDON,C,Apr-2024
Eildon-Jamieson Road,JAMIESON,C,Apr-2024
Elcho Road,LARA,BC,Aug-2024
Elder Street,WATSONIA,BC,Aug-2024
Elevation Boulevard,CRAIGIEBURN,ABC,Aug-2024
Eleventh Street,IRYMPLE,ABCD,Aug-2024
Eleventh Street,MILDURA,ABCD,Aug-2024
Elgar Road,BOX HILL SOUTH,C,Jun-2024
Elgar Road,BURWOOD,C,Jun-2024
Elizabeth Drive,SUNBURY,BC,Aug-2024
Elizabeth Street,COBURG,ABC,Aug-2024
Elizabeth Street,ARARAT,BC,T
Elizabeth Street,EDENHOPE,C,T
Ellscott Boulevard,MICKLEHAM,ABC,Aug-2024
Eltham-Yarra Glen Road,KANGAROO GROUND,ABCD,Aug-2024
Eltham-Yarra Glen Road,CHRISTMAS HILLS,AC,Aug-2024
Eltham-Yarra Glen Road,WATSONS CREEK,B,Aug-2024
Elvins Street,MANSFIELD,BCD,Apr-2024
Elwers Road,ROSEBUD,BCD,Sep-2024
Emily Street,SEYMOUR,ABCD,T
Emu Creek Road,STRATHFIELDSAYE,AC,May-2024
Emu Road,MAIDSTONE,BC,T
Epping Road,WOLLERT,ABCD,Aug-2024
Epping Road,EPPING,BCD,Aug-2024
Epping Road,WOODSTOCK,C,Aug-2024
Epsom Road,ASCOT VALE,C,Aug-2024
Epsom-Barnadown Road,ASCOT,BC,May-2024
Ernst Wanke Road,BERWICK,B,Apr-2024
Erskine Road,MACLEOD,AC,Aug-2024
Esplanade,BRIGHTON,ABCD,Mar-2024
Esplanade,MOUNT MARTHA,ABCD,Jul-2024
Esplanade,ALTONA,B,T
Essex Street,WEST FOOTSCRAY,C,T
Ester Street,GREENSBOROUGH,BCD,Aug-2024
Etiwanda Avenue,MILDURA,ABCD,Aug-2024
Eureka Street,BALLARAT EAST,ABC,Aug-2024
Euroa-Mansfield Road,EUROA,ABC,Apr-2024
Euroa-Mansfield Road,GOORAM,ABC,Apr-2024
Euroa-Mansfield Road,MERTON,C,Apr-2024
Euroa-Shepparton Road,EUROA,C,Apr-2024
Euroa-Shepparton Road,MIEPOLL,C,Aug-2024
Everleigh Drive,DIAMOND CREEK,BD,Aug-2024
Exford Road,EXFORD,ABCD,May-2024
Exford Road,MELTON SOUTH,C,May-2024
Eynesbury Road,EYNESBURY,BC,May-2024
Eyre Street,ECHUCA,C,May-2024
Fairbairn Road,SUNSHINE WEST,BCD,Jun-2024
Fairbank Road,CLAYTON SOUTH,ABCD,Mar-2024
Federation Way,BOWSER,ABC,May-2024
Fellmongers Road,BREAKWATER,ABCD,Aug-2024
Felltimber Creek Road,WODONGA,BC,May-2024
Ferntree Gully Road,FERNTREE GULLY,A,Mar-2024
Ferntree Gully Road,CLAYTON,ABCD,T
Ferntree Gully Road,WHEELERS HILL,ABCD,Nov-2023
Ferris Road,MELTON SOUTH,C,May-2024
Field Street,RYE,C,Sep-2024
Fifteenth Street,MILDURA,ABCD,Jun-2024
Fifteenth Street,IRYMPLE,AC,Aug-2024
Finch Street,MALVERN EAST,ABCD,Jun-2024
Findon Road,SOUTH MORANG,BC,Aug-2024
Findon Road,EPPING,BCD,Aug-2024
Finlayson Street,ROSANNA,B,Aug-2024
Fischer Street,TORQUAY,ABCD,Aug-2024
Fisken Street,BACCHUS MARSH,ABCD,Aug-2024
Fitzgerald Road,DERRIMUT,BCD,Jun-2024
Fitzgerald Road,SUNSHINE WEST,BCD,Jun-2024
Fitzroy Avenue,RED CLIFFS,ABCD,Mar-2024
Fitzsimons Lane,TEMPLESTOWE,AC,Jun-2024
Flaxen Hills Road,DOREEN,BC,Aug-2024
Flaxman Street,WARRNAMBOOL,ABCD,Nov-2023
Fletcher Street,ESSENDON,BCD,Aug-2024
Flora Avenue,MILDURA,ABCD,Aug-2024
Forest Red Gum Drive,MICKLEHAM,ABC,Aug-2024
Forrest Street,ALBION,BC,May-2024
Forrest Street,ARDEER,BC,May-2024
Fosters Road,KEILOR PARK,BCD,Jun-2024
Fourteenth Street,MILDURA,ABCD,Aug-2024
Fourteenth Street,IRYMPLE,C,Aug-2024
Frankston-Dandenong Road,FRANKSTON NORTH,ABCD,Jul-2024
Frankston-Dandenong Road,SEAFORD,ABCD,Sep-2024
Frankston-Dandenong Road,BANGHOLME,C,Aug-2024
Frankston-Dandenong Road,FRANKSTON,C,Sep-2024
Frankston-Flinders Road,BITTERN,ABC,Sep-2024
Frankston-Flinders Road,FRANKSTON SOUTH,ABCD,T
Frankston-Flinders Road,SOMERVILLE,ABCD,Sep-2024
Frankston-Flinders Road,TYABB,ABCD,Sep-2024
Frawley Road,HALLAM,ABC,Apr-2024
Fryers Road,HIGHTON,BCD,Aug-2024
Fullarton Road,KEILOR PARK,BCD,Jun-2024
Fulton Road,BLACKBURN SOUTH,ACD,Jun-2024
Furlong Road,ST ALBANS,BCD,May-2024
Furlong Road,SUNSHINE NORTH,BCD,Jun-2024
Fyansford-Gheringhap Road,GHERINGHAP,BC,Aug-2024
Gaffney Street,PASCOE VALE,C,Aug-2024
Gallaghers Road,GLEN WAVERLEY,C,Jun-2024
Gap Road,SUNBURY,ABC,Aug-2024
Garden Road,CLAYTON,ABC,Jun-2024
Garden Street,PORTLAND,C,T
Gardenia Street,HORSHAM,AC,T
Garnett Road,WHEELERS HILL,ACD,Jun-2024
Gateshead Drive,WANTIRNA SOUTH,BCD,Jul-2024
Gayview Drive,WODONGA WEST,ABCD,Jul-2024
Gear Avenue,MOUNT HELEN,BC,Aug-2024
Geelong Road,BROOKLYN,ABCD,T
Geelong Road,BANNOCKBURN,ABCD,Aug-2024
Geelong-Bacchus Marsh Road,BACCHUS MARSH,C,Aug-2024
Geelong-Bacchus Marsh Road,BALLIANG EAST,C,Aug-2024
Geelong-Ballan Road,BALLAN,ABC,Aug-2024
Geelong-Ballan Road,BEREMBOKE,ABC,Aug-2024
Geelong-Ballan Road,MOUNT WALLACE,ABC,Aug-2024
George Street,SANDRINGHAM,AC,Mar-2024
George Street,DONCASTER,C,Jan-2024
George Street,HAMILTON,C,May-2024
Gibsons Road,SALE,C,Dec-2023
Gilbert Road,RESERVOIR,ABCD,Aug-2024
Gilbert Road,PRESTON,BCD,Feb-2024
Gillespie Road,KINGS PARK,BCD,Jun-2024
Gillies Road,BALD HILLS,ABCD,Aug-2024
Gillies Road,MOUNT ROWAN,BC,Feb-2024
Gillies Road,ASCOT,BC,Aug-2024
Gillies Road,SULKY,BC,Aug-2024
Gillies Street,MARYBOROUGH,BCD,Aug-2024
Gisborne - Melton Road,KURUNJANG,BCD,May-2024
Gisborne Road,COIMADAI,ABCD,Aug-2024
Gisborne Road,BACCHUS MARSH,C,Aug-2024
Gisborne-Melton Road,TOOLERN VALE,ABC,May-2024
Gisborne-Melton Road,KURUNJANG,ABCD,May-2024
Gisborne-Melton Road,MELTON,BC,May-2024
Gisbourne Road,DARLEY,ABCD,Aug-2024
Gladesville Boulevard,PATTERSON LAKES,ACD,Mar-2024
Gladstone Road,DANDENONG NORTH,C,Aug-2024
Gladstone Street,MARYBOROUGH,C,Aug-2024
Glen Huntly Road,ELWOOD,BC,Jun-2024
Glen Iris Road,GLEN IRIS,ABCD,Jul-2024
Glen Katherine Drive,ST HELENA,B,Aug-2024
Glenbarry Road,CAMPBELLFIELD,BC,Aug-2024
Glencairn Drive,GREENVALE,BC,Aug-2024
Glenelg Highway,DUNKELD,ABC,May-2024
Glenelg Highway,LAKE BOLAC,AC,T
Glenelg Highway,WICKLIFFE,AC,T
Glenelg Highway,WARRAYURE,AC,May-2024
Glenelg Highway,SMYTHESDALE,BC,Aug-2024
Glenelg Highway,STREATHAM,C,T
Glenelg Highway,WESTMERE,C,T
Glenelg Highway,CASTERTON,C,T
Glenelg Highway,WILKIN,C,T
Glenelg Highway,CARRANBALLAC,C,Jan-2024
Glenelg Highway,GLENTHOMPSON,C,May-2024
Glenelg Highway,HAMILTON,C,May-2024
Glenelg Highway,WANNON,C,May-2024
Glenelg Highway,COLERAINE,C,Aug-2024
Glenelg Highway,SKIPTON,C,Aug-2024
Glenelg Highway,SMYTHES CREEK,C,Aug-2024
Glenelg Highway,PITTONG,C,Aug-2024
Glenfern Road,UPWEY,ABC,Jul-2024
Glenferrie Road,HAWTHORN,ACD,Jul-2024
Glenferrie Road,MALVERN,C,Jun-2024
Glengala Road,SUNSHINE WEST,BCD,Jun-2024
Glengarry West Road,GLENGARRY WEST,AC,Feb-2024
Glenrowan Myrtleford Road,MARKWOOD,C,May-2024
Glenrowan-Myrtleford Road,WHOROULY,ABC,May-2024
Glenrowan-Myrtleford Road,LACEBY,AC,May-2024
Glenroy Road,GLENROY,C,Aug-2024
Golf Course Road,HAVEN,C,T
Golf Links Road,BARWON HEADS,ABCD,Aug-2024
Golf Links Road,NARRE WARREN,B,Apr-2024
Golf Links Road,FRANKSTON,C,Sep-2024
Goodwin Street,BENALLA,BC,May-2024
Gordon Street,WODONGA,BCD,May-2024
Gordons Road,SOUTH MORANG,ABCD,Aug-2024
Gorge Road,SOUTH MORANG,AC,Aug-2024
Goulburn Valley Freeway,MANGALORE,AC,Aug-2024
Goulburn Valley Freeway,NAGAMBIE,C,Aug-2024
Goulburn Valley Freeway,WAHRING,C,Aug-2024
Goulburn Valley Highway,KIALLA WEST,ABCD,T
Goulburn Valley Highway,NUMURKAH,ABCD,Jul-2024
Goulburn Valley Highway,STRATHMERTON,ABCD,Jul-2024
Goulburn Valley Highway,WUNGHNU,ABCD,Jul-2024
Goulburn Valley Highway,YIELIMA,ABCD,Jul-2024
Goulburn Valley Highway,BUNDALONG,ABCD,Jul-2024
Goulburn Valley Highway,COBRAM,ABCD,Jul-2024
Goulburn Valley Highway,KATAMATITE,ABCD,Jul-2024
Goulburn Valley Highway,YARRAWONGA,ABCD,Jul-2024
Goulburn Valley Highway,SEYMOUR,ABCD,Aug-2024
Goulburn Valley Highway,NATHALIA,ABCD,Aug-2024
Goulburn Valley Highway,MOLESWORTH,AC,Aug-2024
Goulburn Valley Highway,KOONOOMOO,C,Apr-2024
Goulburn Valley Highway,EILDON,C,Apr-2024
Goulburn Valley Highway,KORIELLA,C,Apr-2024
Goulburn Valley Highway,HOMEWOOD,C,Aug-2024
Goulburn Valley Highway,TALLYGAROOPNA,C,Aug-2024
Goulburn Valley Hwy,SHEPPARTON NORTH,AC,Aug-2024
Gourlay Road,TAYLORS HILL,BC,May-2024
Gourlay Road,HILLSIDE,BCD,May-2024
Gower Street,PRESTON,BCD,Aug-2024
Goynes Road,EPSOM,ABCD,May-2024
Graham Road,KYVALLEY,CD,May-2024
Graham Street,PORT MELBOURNE,ABCD,Jun-2024
Graham Street,WONTHAGGI,BC,Sep-2024
Grampians Road,MOKEPILLY,AC,T
Grampians Road,HALLS GAP,C,T
Grandvue Boulevard,PAKENHAM,BC,Apr-2024
Grange Drive,SOUTH MORANG,BC,Aug-2024
Grange Road,TOORAK,ABC,Jun-2024
Grange Road,ALPHINGTON,AC,Aug-2024
Grano Street,ARARAT,B,T
Grants Road,WHITTLESEA,AC,Aug-2024
Grants Road,EDEN PARK,C,Aug-2024
Gravesend Street,COLAC,AC,Aug-2024
Gray Street,SWAN HILL,C,T
Graydens Road,HASTINGS,ABC,Sep-2024
Great Alpine Road,SMOKO,ABC,Mar-2024
Great Alpine Road,BOWMANS FOREST,ABC,Apr-2024
Great Alpine Road,EUROBIN,ABC,Apr-2024
Great Alpine Road,POREPUNKAH,ABCD,Apr-2024
Great Alpine Road,EAST WANGARATTA,ACD,May-2024
Great Alpine Road,TARRAWINGEE,ACD,May-2024
Great Alpine Road,OVENS,B,Apr-2024
Great Alpine Road,DOCTORS FLAT,BC,Dec-2023
Great Alpine Road,BRIGHT,BC,Apr-2024
Great Alpine Road,HARRIETVILLE,BCD,Mar-2024
Great Alpine Road,GRANITE ROCK,C,Dec-2023
Great Alpine Road,OMEO,C,Dec-2023
Great Alpine Road,SARSFIELD,C,Dec-2023
Great Alpine Road,SWIFTS CREEK,C,Dec-2023
Great Alpine Road,WISELEIGH,C,Dec-2023
Great Alpine Road,GAPSTED,CD,T
Great Ocean  Road,ANGLESEA,ABCD,Aug-2024
Great Ocean  Road,APOLLO BAY,C,Aug-2024
Great Ocean Road,LORNE,ABC,Aug-2024
Great Ocean Road,PORT CAMPBELL,ABCD,Nov-2023
Great Ocean Road,WONGARRA,AC,Aug-2024
Great Ocean Road,PETERBOROUGH,C,Nov-2023
Great Ocean Road,SKENES CREEK,C,Aug-2024
Greaves Road,NARRE WARREN SOUTH,B,Apr-2024
Green Gully Road,KEILOR DOWNS,ABCD,T
Green Street,NOBLE PARK,B,Aug-2024
Greenhalghs Road,BUNKERS HILL,BC,Aug-2024
Greensborough Road,GREENSBOROUGH,ABCD,Aug-2024
Greenvale Drive,GREENVALE,BC,Aug-2024
Greenwood Drive,BUNDOORA,BCD,Aug-2024
Greigs Road,STRATHTULLOH,ABCD,May-2024
Greythorn Road,BALWYN NORTH,C,Jun-2024
Grieve Parade,ALTONA NORTH,ABCD,T
Grigg Road,KOONDROOK,C,T
Grubb Road,OCEAN GROVE,BC,Aug-2024
Guthridge Parade,SALE,C,Dec-2023
Guys Hill Road,STRATHFIELDSAYE,ABCD,May-2024
Hall Road,CARRUM DOWNS,ABC,Sep-2024
Hallam South Road,HAMPTON PARK,AC,Apr-2024
Hamilton  Highway,WINGEEL,AC,Aug-2024
Hamilton Highway,CRESSY,ABC,Aug-2024
Hamilton Highway,BERRYBANK,ABCD,Nov-2023
Hamilton Highway,MURGHEBOLUC,AC,Aug-2024
Hamilton Highway,STONEHAVEN,AC,Aug-2024
Hamilton Highway,LISMORE,C,Nov-2023
Hamilton Highway,MORTLAKE,C,Nov-2023
Hamilton Highway,PENSHURST,C,May-2024
Hamilton Street,PETERBOROUGH,ABCD,T
Hamilton Street,BROADFORD,ABCD,T
Hamilton-Natimuk Road,CAVENDISH,C,May-2024
Hampden Road,ARMADALE,CD,Jun-2024
Hampshire Road,SUNSHINE,BCD,Jun-2024
Hampton Street,BRIGHTON,ABCD,Mar-2024
Hanlon Parade,PORTLAND,C,T
Hanson Road,CRAIGIEBURN,C,Aug-2024
Harcourt Road,BORONIA,BC,Feb-2024
Harding Street,COBURG,BCD,Aug-2024
Hargraves Street,CASTLEMAINE,ABCD,Aug-2024
Hargreaves Street,GOLDEN SQUARE,BCD,May-2024
Harold Road,SPRINGVALE SOUTH,C,Aug-2024
Harris Street,WARRNAMBOOL,C,Nov-2023
Hatchlands Drive,DEER PARK,BCD,Jun-2024
Hattah-Robinvale Road,HATTAH,C,Aug-2024
Haverbrack Drive,MULGRAVE,ABCD,Jun-2024
Havilah Road,LONG GULLY,BCD,May-2024
Hawkins Street,SHEPPARTON,BC,Aug-2024
Hawthorn Road,CAULFIELD SOUTH,B,Jun-2024
Hazel Glen Drive,MERNDA,C,Aug-2024
Heads Road,DONVALE,C,Jan-2024
Healesville-Kinglake Road,CHUM CREEK,ABCD,Jul-2024
Healesville-Koo Wee Rup Road,WOORI YALLOCK,ABC,May-2024
Healesville-Koo Wee Rup Road,HEALESVILLE,ABC,Jul-2024
Healesville-Koo Wee Rup Road,YELLINGBO,ABC,Jul-2024
Heathcote-Nagambie Road,GRAYTOWN,C,Aug-2024
Heathcote-Nagambie Road,NAGAMBIE,C,Aug-2024
Heatherdale Road,MITCHAM,C,Jun-2024
Heatherton Road,CLAYTON SOUTH,AC,Jun-2024
Heatherton Road,ENDEAVOUR HILLS,BC,Apr-2024
Heaths Road,HOPPERS CROSSING,ABCD,Apr-2024
Heaths Road,WERRIBEE,C,T
Hedderwick Street,ESSENDON,C,Aug-2024
Heidelberg Road,CLIFTON HILL,BC,Aug-2024
Heidelberg-Kinglake Road,COTTLES BRIDGE,ABCD,Aug-2024
Heidelberg-Warrandyte Road,WARRANDYTE,C,Jun-2024
Heinz Lane,INVERMAY PARK,BC,Aug-2024
Hendy Main Road,MORIAC,ABC,Aug-2024
Hensley Park Road,HAMILTON,C,May-2024
Henty Highway,BRANXHOLME,ABC,May-2024
Henty Highway,HAMILTON,ABC,May-2024
Henty Highway,BRIMPAEN,C,T
Henty Highway,BYRNEVILLE,C,T
Henty Highway,HAVEN,C,T
Henty Highway,RIVERSIDE,C,T
Henty Highway,WONWONDAH NORTH,C,T
Henty Highway,MOORALLA,C,May-2024
Henty Street,RESERVOIR,ABCD,Aug-2024
Hertford Road,SUNSHINE,BC,May-2024
Heyers Road,GROVEDALE,ABCD,Aug-2024
Heyington Avenue,THOMASTOWN,BCD,Aug-2024
Hidden Valley Boulevard,WALLAN,BC,Aug-2024
High Street,LEARMONTH,ABCD,T
High Street,KANGAROO FLAT,ABCD,Oct-2023
High Street,WINDSOR,ABCD,Jun-2024
High Street,BROADFORD,ABCD,Aug-2024
High Street,SEYMOUR,ABCD,Aug-2024
High Street,ARARAT,AC,T
High Street,GOLDEN SQUARE,AC,May-2024
High Street,RESERVOIR,AC,Aug-2024
High Street,MELTON,BCD,May-2024
High Street,MELTON WEST,BCD,May-2024
High Street,EPPING,BCD,Aug-2024
High Street,LALOR,BCD,Aug-2024
High Street,GLEN IRIS,C,Jun-2024
High Street,KEW,C,Jun-2024
High Street,TEMPLESTOWE,C,Jun-2024
High Street,BEAUFORT,CD,Aug-2024
High Street Road,GLEN WAVERLEY,ABCD,T
High Street Road,WANTIRNA SOUTH,AC,Jul-2024
High Street Road,MOUNT WAVERLEY,C,Jun-2024
Highbury Road,GLEN WAVERLEY,C,Jun-2024
Highbury Road,MOUNT WAVERLEY,C,Jun-2024
Highett Road,HIGHETT,ABCD,Jun-2024
Highlander Drive,CRAIGIEBURN,ABC,Aug-2024
Highlands Road,SEYMOUR,ABC,Aug-2024
Highpark Drive,WOLLERT,BCD,Aug-2024
Highton Lane,MANSFIELD,BC,Apr-2024
Hillcrest Avenue,KEW EAST,ABCD,Jul-2024
Hilma Street,SUNSHINE WEST,C,May-2024
Hodder Street,BRIGHTON EAST,AC,Mar-2024
Hodgins Road,HASTINGS,BCD,Sep-2024
Hoffmans Road,NIDDRIE,C,Aug-2024
Holden Road,DIGGERS REST,C,May-2024
Holdsworth Road,NORTH BENDIGO,ABCD,May-2024
Holdsworth Road,WHITE HILLS,ABCD,May-2024
Holmes Street,BRUNSWICK,C,Aug-2024
Homestead Road,BERWICK,B,Apr-2024
Hopetoun Road,TOORAK,BC,Jun-2024
Hopkins Highway,GRASSMERE,BC,Nov-2023
Hopkins Highway,PURNIM,C,Nov-2023
Hopkins Road,TRUGANINA,ABCD,Aug-2024
Horace Street,MALVERN,BC,Jun-2024
Horseshoe Bend Road,MOUNT DUNEED,BC,Aug-2024
Hosie Road,SHEPPARTON EAST,B,Aug-2024
Hotham Road,SORRENTO,ABCD,Sep-2024
Hotham Road,PORTSEA,C,Sep-2024
Hotham Street,RIPPONLEA,ABCD,Jun-2024
Howe Parade,GARDEN CITY,B,Jun-2024
Howitt Street,WARRAGUL,ACD,T
Howitt Street,BALLARAT NORTH,BCD,Aug-2024
Hughes Parade,RESERVOIR,ABC,Aug-2024
Hughes Street,OUYEN,C,Aug-2024
Hull Road,CROYDON,AC,Jul-2024
Hume Drive,TAYLORS HILL,BC,May-2024
Hume Drive,SYDENHAM,BC,May-2024
Hume Drive,CAROLINE SPRINGS,BCD,May-2024
Hume Freeway,BORALMA,ABC,Apr-2024
Hume Freeway,BOWSER,ABC,May-2024
Hume Freeway,TALLAROOK,ABC,Aug-2024
Hume Freeway,BARNAWARTHA NORTH,ABCD,May-2024
Hume Freeway,WODONGA,ABCD,Aug-2024
Hume Freeway,WANGARATTA,AC,Apr-2024
Hume Freeway,VIOLET TOWN,AC,Apr-2024
Hume Freeway,LOCKSLEY,AC,Aug-2024
Hume Freeway,CHILTERN,BC,May-2024
Hume Freeway,AVENEL,C,Aug-2024
Hume Freeway,EUROA,C,Aug-2024
Humffray Street N,BROWN HILL,ABCD,T
Humffray Street North,BALLARAT,C,Aug-2024
Humphries Road,FRANKSTON,C,Sep-2024
Huntingdale Road,OAKLEIGH SOUTH,ABCD,Jun-2024
Huntingdale Road,MOUNT WAVERLEY,C,Jun-2024
Huon Creek Road,WODONGA,C,May-2024
Hurd Street,PORTLAND,C,T
Hutchison Street,SALE,C,Dec-2023
Hutton Road,KEYSBOROUGH,C,Aug-2024
Huxley Avenue,MULGRAVE,BD,Jun-2024
Hyland Highway,FLYNNS CREEK UPPER,ABC,Feb-2024
Hyland Highway,TRARALGON,ABC,Feb-2024
Hyland Highway,YARRAM,C,Dec-2023
Ibbotson Street,ST LEONARDS,BCD,Aug-2024
Inglis Road,BERWICK,BC,Apr-2024
Inglis Street,BALLAN,ABCD,Aug-2024
Inglis Street,GOLDEN SQUARE,CD,May-2024
Inkerman Street,MARYBOROUGH,ABCD,Aug-2024
Inverloch-Venus Bay Road,INVERLOCH,B,Sep-2024
Inverloch-Venus Bay Road,POUND CREEK,BC,Sep-2024
Ironbark Road,YARRAMBAT,ACD,Aug-2024
Jacaranda Street,RED CLIFFS,ABCD,Jun-2024
Jacksons Road,NOBLE PARK NORTH,BC,Aug-2024
James Mirams Drive,ROXBURGH PARK,AC,Aug-2024
Jardin Road,WOLLERT,BCD,Jun-2024
Jasper Road,BENTLEIGH,ABC,Mar-2024
Jasper Road,MCKINNON,BC,Mar-2024
Jeeralang North Road,HAZELWOOD NORTH,ABC,Feb-2024
Jetty Road,ROSEBUD,C,Sep-2024
JOBS GULLY Road,JACKASS FLAT,CD,May-2024
John Allan Road,WYUNA,CD,May-2024
Johnson Street,RESERVOIR,BC,Aug-2024
Jones Road,SOMERVILLE,BC,Sep-2024
Jukes Road,FAWKNER,ABC,Aug-2024
Kangaroo Ground-St Andrews Road,SMITHS GULLY,A,Aug-2024
Kangaroo Ground-St Andrews Road,KANGAROO GROUND,AC,Aug-2024
Kangaroo Ground-St Andrews Road,PANTON HILL,AC,Aug-2024
Kangaroo Ground-Warrandyte Road,KANGAROO GROUND,BC,Aug-2024
Kangaroo Road,MURRUMBEENA,B,Mar-2024
Karadoc Avenue,IRYMPLE,BC,Aug-2024
Karingal Drive,FRANKSTON,ABC,Sep-2024
Karinie Street,SWAN HILL,C,Aug-2024
Karook Street,COBRAM,ABCD,Apr-2024
Kars Street,FRANKSTON,C,Sep-2024
Katamatite Road,CONGUPNA,C,Aug-2024
Katamatite-Shepparton Road,TALLYGAROOPNA,C,Aug-2024
Keilor Park Drive,KEILOR PARK,ABCD,May-2024
Kelvinside Road,NOBLE PARK,BC,Aug-2024
Kenmare Street,WATSONIA,C,Aug-2024
Kennedy Street,CASTLEMAINE,ABCD,Aug-2024
Kensington Road,KENSINGTON,ABC,Aug-2024
Kensington Road,LEOPOLD,BC,Aug-2024
Kent Street,ASCOT VALE,BC,Aug-2024
Keon Parade,KEON PARK,AC,Aug-2024
Kerang-Koondrook Road,TEAL POINT,C,T
Kerang-Murrabit Road,KERANG,BC,T
Kerang-Murrabit Road,WESTBY,BC,T
Kerang-Quambatook Road,KERANG,BC,T
Kerferd Road,ALBERT PARK,ABC,Jun-2024
Keys Road,MOORABBIN EAST,C,Jun-2024
Kialla Lakes Drive,KIALLA,ABCD,Aug-2024
Kiewa East Road,KIEWA,ABCD,May-2024
Kiewa Valley  Highway,DEDERANG,ABCD,T
Kiewa Valley  Highway,TAWONGA,ABCD,Mar-2024
Kiewa Valley  Highway,KERGUNYAH,ABCD,May-2024
Kiewa Valley Highway,KIEWA,ABC,May-2024
Kiewa Valley Highway,MOUNT BEAUTY,ABCD,Mar-2024
Kiewa Valley Highway,TAWONGA,ABCD,Mar-2024
Kiewa Valley Highway,TAWONGA SOUTH,ABCD,Mar-2024
Kiewa Valley Highway,BARANDUDA,ABCD,Aug-2024
Kiewa Valley Highway,RUNNING CREEK,AC,Mar-2024
Kiewa Valley Highway,BANDIANA,AC,May-2024
Kiewa Valley Highway,DEDERANG,BC,Mar-2024
Kilby Road,KEW EAST,ACD,Jun-2024
Kilmore - Lancefield Road,KILMORE,ABCD,T
Kilmore-Epping Road,WALLAN,ABC,Aug-2024