LOCATION,SUBURB,Reason Code,Audit Date
Abey Road,COBBLEBANK,BCD,May-2024
Acacia Street,GLENROY,BCD,Aug-2024
Adam Street,GOLDEN SQUARE,ACD,May-2024
Agar Road,CORONET BAY,BC,Sep-2024
Airport Drive,MELBOURNE AIRPORT,ABCD,T
Aitken Boulevard,ROXBURGH PARK,ABC,Aug-2024
Aitken Boulevard,CRAIGIEBURN,ABCD,Aug-2024
Aitken Street,ALEXANDRA,C,Apr-2024
Albert Road,WARRAGUL,ABC,T
Albert Road,SOUTH MELBOURNE,ABCD,Apr-2024
Albert Street,EAST MELBOURNE,A,Aug-2024
Albion Street,BRUNSWICK WEST,ABC,Aug-2024
Alexanders Road,MORWELL,BC,Feb-2024
Alexandra Street,GREENSBOROUGH,BD,May-2024
Alfred Street,HEIDELBERG HEIGHTS,ABCD,Apr-2024
Allan Street,KYABRAM,ABCD,May-2024
Allenby Avenue,RESERVOIR,C,Aug-2024
Allies Road,MYERS FLAT,AC,May-2024
Allingham Street,KANGAROO FLAT,BCD,May-2024
Alma Street,TOOTGAROOK,BC,Sep-2024
Ambrose Treacy Drive,BUNDOORA,BC,Aug-2024
Anakie Road,BELL PARK,BC,Aug-2024
Anderson Road,SUNSHINE,ABCD,Jun-2024
Anderson Road,FAWKNER,C,Aug-2024
Anderson Street,MELBOURNE,BCD,Aug-2024
Andersons Creek Road,DONCASTER EAST,ABCD,Jun-2024
Anzac Avenue,SEYMOUR,ABCD,T
Anzac Parade,BANDIANA,ABCD,Aug-2024
Anzac Road,TRAFALGAR,B,T
Apollo Road,TAYLORS LAKES,BC,May-2024
Ararat-Halls Gap Road,POMONAL,ABC,T
Ararat-Halls Gap Road,JALLUKAR,AC,T
Ararat-Halls Gap Road,MOYSTON,AC,T
Arcadia Avenue,THE BASIN,ABCD,Jul-2024
Army Road,PAKENHAM,B,Apr-2024
Army Road,PAKENHAM UPPER,BC,Apr-2024
Arnot Street,BONNIE DOON,BCD,Apr-2024
Arthur Street,ST ALBANS,BCD,Jun-2024
Arthurs Creek Road,ARTHURS CREEK,ABC,Aug-2024
Arthurs Creek Road,YAN YEAN,AC,Aug-2024
Arthurs Seat Road,RED HILL,BCD,Sep-2024
Arundel Road,KEILOR,C,May-2024
Ascot Vale Road,ASCOT VALE,C,Aug-2024
Atherton Road,OAKLEIGH,ABCD,Jun-2024
Atkins Road,PAKENHAM,B,Apr-2024
Auburn Road,HAWTHORN,ABD,Jun-2024
Aughtie Drive,ALBERT PARK,BC,Jun-2024
Avenel Road,SEYMOUR,BC,Aug-2024
Avenel-Nagambie Rd,AVENEL,C,Aug-2024
Avenel-Nagambie Road,AVENEL,C,Aug-2024
Avenue of Honour,WOODEND NORTH,ACD,May-2024
Averys Road,EAGLEHAWK,ABCD,May-2024
Avondale Avenue,ST ALBANS,BC,May-2024
Axe Creek Road,AXE CREEK,C,May-2024
Bacchus Marsh Road,LITTLE RIVER,ABCD,T
Bacchus Marsh Road,CORIO,ABCD,T
Back Beach Road,VENTNOR,A,Sep-2024
Back Eildon Road,THORNTON,C,Apr-2024
Back Porepunkah Road,POREPUNKAH,ABCD,Apr-2024
Bakers Road,NOBLE PARK NORTH,C,Aug-2024
Balcombe Road,BEAUMARIS,ABC,Mar-2024
Balcombe Road,MENTONE,AC,Jun-2024
Ballan Road,BATESFORD,ABC,Aug-2024
Ballan Road,WYNDHAM VALE,C,T
Ballan-Daylesford Road,BUNDING,ABC,Aug-2024
Ballan-Daylesford Road,KORWEINGUBOORA,ABC,Aug-2024
Ballarat Road,MAIDSTONE,ABC,Apr-2024
Ballarat Road,DEER PARK,ABCD,May-2024
Ballarat Road,RAVENHALL,BC,May-2024
Ballarat Road,FOOTSCRAY,C,T
Ballarat Road,HAMILTON,C,May-2024
Ballarat-Maryborough Road,DAISY HILL,ACD,Aug-2024
Ballarto Road,SKYE,ABC,Sep-2024
Ballarto Road,CARRUM DOWNS,C,Sep-2024
Balwyn Road,BALWYN,C,May-2024
Bambra Road,CAULFIELD SOUTH,C,Jun-2024
Banbury Road,RESERVOIR,BCD,Aug-2024
Bandiana Link,WODONGA,ABCD,Aug-2024
Bandiana Link Road,WODONGA,ABCD,May-2024
Bank Street,AVENEL,C,Aug-2024
Banksia Street,HEIDELBERG HEIGHTS,BC,Aug-2024
Banksia Street,IVANHOE,BCD,Aug-2024
Bannons Lane,YARRAMBAT,AC,Aug-2024
Banyule Road,VIEWBANK,ABCD,Aug-2024
Baranduda Boulevard,LENEVA,ABCD,May-2024
Baranduda Boulevard,BARANDUDA,ABCD,Aug-2024
Barkers Road,HAWTHORN EAST,ACD,Jul-2024
Barkers Road,KEW,ACD,Jul-2024
Barkly Street,WEST FOOTSCRAY,C,T
Barkly Street West,ARARAT,B,T
Barmah-Shepparton Road,BUNBARTHA,ABCD,Aug-2024
Barmah-Shepparton Road,ZEERUST,AC,Aug-2024
Barnes Boulevard,HORSHAM,C,T
Barrabool Road,HIGHTON,BC,Aug-2024
Barrands Lane,DRYSDALE,ABCD,Aug-2024
Barries Road,MELTON,C,May-2024
Barry Road,COOLAROO,ABC,Aug-2024
Barry Road,DALLAS,ABCD,Aug-2024
Barry Road,CAMPBELLFIELD,BCD,Aug-2024
Barrymore Road,GREENVALE,C,Aug-2024
Barwon Heads Road,CONNEWARRE,ABC,Aug-2024
Bass Highway,INVERLOCH,ABC,Sep-2024
Bass Highway,LANG LANG,ABCD,T
Bass Highway,LANG LANG SOUTH,AC,Sep-2024
Bass Highway,DALYSTON,C,Sep-2024
Bass Highway,LEONGATHA SOUTH,C,Sep-2024
Bass Highway,THE GURDIES,C,Sep-2024
Bass Highway,WONTHAGGI,C,Sep-2024
Batesford Road,CHADSTONE,ABCD,Nov-2023
Batesford Road,MALVERN EAST,CD,Jun-2024
Baxter-Tooradin Road,BAXTER,ABC,Sep-2024
Baxter-Tooradin Road,PEARCEDALE,B,Apr-2024
Baxter-Tooradin Road,DEVON MEADOWS,C,Apr-2024
Bayswater Road,CROYDON,ABCD,Jul-2024
Bayview Road,ROSEBUD,C,Sep-2024
Beach Road,BLACK ROCK,ABCD,Jun-2024
Beach Road,BEAUMARIS,AC,Mar-2024
Beach Road,SANDRINGHAM,ACD,Jun-2024
Beach Road,MORDIALLOC,C,Mar-2024
Beach Road,PARKDALE,C,Jun-2024
Beach Street,FRANKSTON,C,Sep-2024
Beacon Point Road,CLIFTON SPRINGS,BC,Aug-2024
Beaconsfield Parade,MIDDLE PARK,ABCD,Jun-2024
Beaconsfield Parade,ALBERT PARK,BCD,Jun-2024
Beaconsfield-Emerald Road,BEACONSFIELD,A,Apr-2024
Beaconsfield-Emerald Road,DEWHURST,AC,Apr-2024
Beaufort-Skipton Road,LAKE GOLDSMITH,C,Jan-2024
Beechworth Road,WODONGA,ABCD,Aug-2024
Beechworth-Wodonga Road,LENEVA,C,May-2024
Belgrave Road,MALVERN EAST,C,Jun-2024
Belgrave-Hallam Road,NARRE WARREN EAST,ABC,Jul-2024
Belgrave-Hallam Road,NARRE WARREN NORTH,B,Apr-2024
Bell Street,HEIDELBERG WEST,ABCD,Aug-2024
Bell Street,COBURG,AC,Aug-2024
Bellarine Highway,LEOPOLD,ACD,Aug-2024
Bellbridge Drive,HOPPERS CROSSING,C,T
Bells Avenue,KALKALLO,ABC,Aug-2024
Belmore Road,BOX HILL NORTH,C,Jan-2024
Belmore Road,BALWYN,C,Jun-2024
Benalla-Winton Road,BENALLA,BC,May-2024
Benalla-Yarrawonga Road,GOORAMBAT,ABC,Apr-2024
Benalla-Yarrawonga Road,DEVENISH,C,Apr-2024
Bendigo-Maldon Road,MALDON,C,Aug-2024
Bendigo-Maryborough Road,LOCKWOOD,AC,May-2024
Bendigo-Maryborough Road,SHELBOURNE,AC,May-2024
Bendigo-Maryborough Road,HAVELOCK,BC,Aug-2024
Bendigo-Murchison Road,WANALTA,ABC,May-2024
Bendigo-Murchison Road,MURCHISON,BC,Aug-2024
Bendigo-Pyramid Hill Road,RAYWOOD,ACD,May-2024
Bendigo-Pyramid Hill Road,WOODVALE,CD,May-2024
Bendigo-Redesdale Road,STRATHFIELDSAYE,C,May-2024
Benetook Avenue,MILDURA SOUTH,ABC,Aug-2024
Benetook Avenue,MILDURA,ABCD,Aug-2024
Benetook Avenue,KOORLONG,C,Aug-2024
Bengworden Road,CLYDEBANK,ABC,Dec-2023
Bengworden Road,BENGWORDEN,BCD,Dec-2023
Bengworden Road,COBAINS,C,Dec-2023
Bengworden Road,PERRY BRIDGE,C,Dec-2023
Bennett Road,HORSHAM,C,T
Bergins Road,ROWVILLE,ABC,Jul-2024
Berkshire Road,SUNSHINE NORTH,ABCD,May-2024
Berrabri Drive,SCORESBY,BC,Jul-2024
Biggs Street,ST ALBANS,BC,May-2024
Birchip-Wycheproof Road,BIRCHIP,C,Aug-2024
Birregurra Forrest  Road,BARWON DOWNS,AC,Aug-2024
Birregurra Forrest Road,MURROON,AC,Aug-2024
Black Dog Drive,BROOKFIELD,ABCD,May-2024
Black Flat Road,WHITTLESEA,C,Aug-2024
Black Forest Drive,MACEDON,AC,May-2024
Black Forest Road,WERRIBEE,C,T
Black Forest Road,WYNDHAM VALE,C,T
Blackburn Road,BLACKBURN SOUTH,ACD,Jun-2024
Blackburn Road,GLEN WAVERLEY,C,Jun-2024
Blackburn Road,MOUNT WAVERLEY,C,Jun-2024
Blackgate Road,CONNEWARRE,ABCD,Aug-2024
Blackshaws Road,ALTONA NORTH,C,T
Blackshaws Road,SPOTSWOOD,C,T
Bloomfield Road,NILMA NORTH,BC,T
Bluff Road,HAMPTON,ABC,Mar-2024
Bluff Road,SANDRINGHAM,ABC,Mar-2024
Blyth Street,ALTONA,BC,T
Bobs Street,WHITE HILLS,BC,May-2024
Boes Road,TYABB,BC,Sep-2024
Bogong High Plains Road,FALLS CREEK,ABCD,May-2024
Bolton Street,ELTHAM,ABCD,Aug-2024
Boneo Road,ROSEBUD,C,Sep-2024
Booran Road,GLEN HUNTLY,C,Mar-2024
Boort-Kerang Road,KERANG,BC,T
Booth Street,PRESTON,BCD,Aug-2024
Borung Highway,WOOROONOOK,AC,Aug-2024
Borung Highway,DONALD,C,Aug-2024
Botha Avenue,RESERVOIR,C,Aug-2024
Boundary Road,BRAESIDE,ABCD,T
Boundary Road,NEWCOMB,BC,Aug-2024
Boundary Road,MORDIALLOC,C,Jun-2024
Boundary Road,PASCOE VALE,C,Aug-2024
Boundary Street,KERANG,C,T
Bourke Road,CLARINDA,AC,Mar-2024
Bowden Street,CASTLEMAINE,ABCD,Aug-2024
Bowen Street,CAMBERWELL,BCD,Jun-2024
Bowser Road,NORTH WANGARATTA,ABCD,Aug-2024
Bowser Road,NORTH WANGARATTA,CD,May-2024
Bradford Road,MOUNT MARTHA,BCD,Sep-2024
Brady Road,DANDENONG NORTH,C,Aug-2024
Braeswood Road,KINGS PARK,BCD,Jun-2024
Brandy Creek Road,WARRAGUL,AC,T
Breadalbane Avenue,MERNDA,BC,Aug-2024
Bree Road,HAMILTON,C,May-2024
Bridge Inn Road,MERNDA,BC,Aug-2024
Bridge Street,BENALLA,C,May-2024
Bridgewater Road,PORTLAND,C,T
Bridgewater Road,TREWALLA,C,T
Bridgewater Road,CRAIGIEBURN,C,Aug-2024
Bridgewater-Serpentine Road,BRIDGEWATER,C,Aug-2024
Bridle Road,MORWELL,ABCD,Feb-2024
Bright Street,CALIFORNIA GULLY,BCD,May-2024
Broad Gully Road,DIAMOND CREEK,BC,Aug-2024
Broadford-Flowerdale Road,STRATH CREEK,C,Aug-2024
Broadford-Kilmore Road,KILMORE,ABCD,Aug-2024
Broadford-Kilmore Road,BROADFORD,C,Aug-2024
Broadford-Wandong  Road,BROADFORD,C,Aug-2024
Broadford-Wandong Road,BROADFORD,C,Aug-2024
Broadford-Wandong Road,KILMORE EAST,C,Aug-2024
Broadhurst Avenue,RESERVOIR,AC,Aug-2024
Broadmeadows Road,TULLAMARINE,C,Aug-2024
Broadmeadows Road Deviation,WESTMEADOWS,BC,Aug-2024
Broadway,RESERVOIR,AC,Aug-2024
Broadway,DUNOLLY,BCD,Aug-2024
Brodie Street,WANGARATTA,BC,May-2024
Broken River Drive,SHEPPARTON,ABC,Aug-2024
Bromley Road,ROBINVALE,C,T
Brooke Street,TOWONG,C,May-2024
Brooklyn Road,BROOKFIELD,ABCD,May-2024
Brossard Road,MICKLEHAM,ABC,Aug-2024
Brown Road,PAKENHAM,B,Apr-2024
Browning Street,ORBOST,BC,May-2024
Browning Street,PORTLAND,C,T
Browns Road,BOTANIC RIDGE,B,Apr-2024
Browns Road,NOBLE PARK,C,Aug-2024
Browns Road,NOBLE PARK NORTH,C,Aug-2024
Brunswick Road,BRUNSWICK,C,Aug-2024
Bruthen-Nowa Nowa Road,NOWA NOWA,C,Dec-2023
Buckley Street,KEILOR EAST,BC,Aug-2024
Buckley Street,ESSENDON,C,Aug-2024
Buckley Street,ESSENDON WEST,C,Aug-2024
Bulban Road,WERRIBEE,ABCD,T
Bulla Road,ESSENDON NORTH,ABCD,T
Bulla Road,BULLA,ABCD,Aug-2024
Bulla Road,STRATHMORE,ABCD,Aug-2024
Bulleen Road,BALWYN NORTH,C,Jun-2024
Bungower Road,MOOROODUC,ABCD,Sep-2024
Bungower Road,SOMERVILLE,ABCD,Sep-2024
Burke Road,GLEN IRIS,C,Jun-2024
Burke Road,MALVERN EAST,C,Jun-2024
Burns Street,MARYBOROUGH,BCD,Aug-2024
Burns Street,HAMILTON,C,May-2024
Burton Avenue,KYNETON,ABCD,T
Burwood Highway,KNOXFIELD,ABC,Jul-2024
Burwood Highway,WANTIRNA,ABCD,Jul-2024
Burwood Highway,WANTIRNA SOUTH,ABCD,Jul-2024
Burwood Highway,VERMONT SOUTH,ACD,Jun-2024
Butcher Street,ECHUCA,BCD,May-2024
Buxton Marysville Road,MARYSVILLE,ACD,Apr-2024
Cairns Road,HAMPTON PARK,BC,Apr-2024
CALDER ALTERNATIVE Highway,RAVENSWOOD,ACD,May-2024
Calder Alternative Highway,MARONG,C,May-2024
Calder Freeway,HARCOURT,ABC,Aug-2024
Calder Freeway,KEILOR NORTH,ABCD,Jun-2024
Calder Freeway,CARLSRUHE,ACD,May-2024
Calder Freeway,GISBORNE,ACD,May-2024
Calder Freeway,GISBORNE SOUTH,ACD,May-2024
Calder Freeway,KYNETON,ACD,May-2024
Calder Freeway,MACEDON,ACD,May-2024
Calder Freeway,MALMSBURY,ACD,May-2024
Calder Freeway,TARADALE,ACD,May-2024
Calder Freeway,ELPHINSTONE,ACD,Aug-2024
Calder Freeway,FARADAY,ACD,Aug-2024
Calder Freeway,RAVENSWOOD SOUTH,ACD,Aug-2024
Calder Highway,SEA LAKE,A,Aug-2024
Calder Highway,OUYEN,ABC,Aug-2024
Calder Highway,MARONG,ABCD,May-2024
Calder Highway,IRYMPLE,ABCD,Aug-2024
Calder Highway,RED CLIFFS,ABCD,Aug-2024
Calder Highway,YATPOOL,ABCD,Aug-2024
Calder Highway,BIRDWOODTON,AC,Aug-2024
Calder Highway,HATTAH,AC,Aug-2024
Calder Highway,BIG HILL,ACD,May-2024
Calder Highway,MAIDEN GULLY,ACD,May-2024
Calder Highway,RAVENSWOOD,ACD,May-2024
Calder Highway,RAVENSWOOD SOUTH,ACD,Aug-2024
Calder Highway,MERBEIN,BCD,Aug-2024
Calder Highway,LEICHARDT,C,May-2024
Calder Highway,BRIDGEWATER ON LODDON,C,Aug-2024
Calder Highway,CABARITA,C,Aug-2024
Calder Highway,DERBY,C,Aug-2024
Calder Highway,GLENALBYN,C,Aug-2024
Calder Highway,KURTING,C,Aug-2024
Calder Highway,MERBEIN WEST,C,Aug-2024
Calder Highway,MITTYACK,C,Aug-2024
Calder Highway,YELTA,C,Aug-2024
Calder Highway,BERRIWILLOCK,C,Aug-2024
Calder Highway,CULGOA,C,Aug-2024
Calder Highway,DUMOSA,C,Aug-2024
Calder Highway,NANDALY,C,Aug-2024
Calder Highway,NINDA,C,Aug-2024
Calder Highway,NULLAWIL,C,Aug-2024
Calder Highway,TEDDYWADDY,C,Aug-2024
Calder Highway,WARNE,C,Aug-2024
Calder Highway,WOOSANG,C,Aug-2024
Calder Highway,WYCHEPROOF SOUTH,C,Aug-2024
Calder Park Drive,SYDENHAM,ABCD,May-2024
Calder Park Drive,TAYLORS HILL,BC,May-2024
Caldwells Road,EAGLEHAWK,BCD,May-2024
Caledonia Street,ST ANDREWS,BCD,Aug-2024
Callaghan Street,EPSOM,BCD,May-2024
Calvert Street,BAIRNSDALE,C,Dec-2023
Cambden Park Parade,FERNTREE GULLY,BC,Feb-2024
Camelot Drive,GLEN WAVERLEY,C,Jun-2024
Cameron Parade,BUNDOORA,ABC,Aug-2024
Camp Road,BROADMEADOWS,AC,Aug-2024
Campaspe Esplanade,ECHUCA,CD,May-2024
Campbell Street,ARARAT,B,T
Canadian Bay Road,MOUNT ELIZA,BC,Sep-2024
Canning Street,AVONDALE HEIGHTS,AC,Aug-2024
Canterbury Road,BAYSWATER NORTH,A,Jul-2024
Canterbury Road,MIDDLE PARK,ABCD,Jun-2024
Canterbury Road,VERMONT,ACD,Jun-2024
Canterbury Road,MONTROSE,BC,May-2024
Canterbury Road,BLACKBURN SOUTH,C,Jun-2024
Canterbury Road,BOX HILL,C,Jun-2024
Cape Nelson Road,PORTLAND,C,T
Cape Otway Road,BIRREGURRA,ABC,Aug-2024
Cape Otway Road,WINCHELSEA,ABC,Aug-2024
Carnarvon Road,STRATHMORE,C,Aug-2024
Carngham Road,BUNKERS HILL,C,Aug-2024
Carngham Road,HADDON,C,Aug-2024
Carpenter Street,QUARRY HILL,ABCD,May-2024
Carpenter Street,SPRING GULLY,BCD,May-2024
Carrick Drive,GLADSTONE PARK,ABC,Aug-2024
Carroll Road,OAKLEIGH SOUTH,C,Jun-2024
Castlemaine-Maldon Road,MUCKLEFORD,C,Aug-2024
Centenary  Avenue,MELTON,C,May-2024
Centenary Avenue,MELTON,ABCD,May-2024
Centenary Avenue,MELTON WEST,B,May-2024
Centenary Drive,MILL PARK,AC,Aug-2024
Central Avenue,ALTONA MEADOWS,BCD,T
Central Park Road,MALVERN EAST,BCD,Jun-2024
Central Road,NUNAWADING,C,Jun-2024
Centre Dandenong Road,MOORABBIN AIRPORT,AC,Mar-2024
Centre Dandenong Road,CHELTENHAM,C,Mar-2024
Centre Road,BENTLEIGH EAST,AC,Jun-2024
Centre Road,OAKLEIGH SOUTH,AC,Jun-2024
Centre Road,LANGWARRIN,BC,Sep-2024
Centre Road,BENTLEIGH,C,Mar-2024
Chadstone Road,MALVERN EAST,C,Jun-2024
Champion Road,NEWPORT,C,T
Champions Parade,WOLLERT,BCD,Aug-2024
Chandler Road,KEYSBOROUGH,BC,Aug-2024
Chapel Road,KEYSBOROUGH,BC,Aug-2024
Chapel Street,SOUTH YARRA,ACD,Jun-2024
Chapple Street,WODONGA,ABCD,May-2024
Charlton-St Arnaud Road,ST ARNAUD,C,T
Chauncey Street,LANCEFIELD,C,May-2024
Cheddar Road West,RESERVOIR,BCD,Aug-2024
Chenery Street,MANSFIELD,C,Apr-2024
Cherry Tree Road,PANTON HILL,AC,Aug-2024
Chesterville Road,CHELTENHAM NORTH,C,Mar-2024
Chifley Drive,PRESTON,BCD,Aug-2024
Childers Street,PORTLAND,C,Nov-2023
Childs Road,LALOR,ABCD,Aug-2024
Childs Road,MILL PARK,ABCD,Aug-2024
Chisholm Street,BLACK HILL,ABCD,T
Chisholm Street,BALLARAT,C,Aug-2024
Christies Road,LEOPOLD,AC,Aug-2024
Chum Creek Road,HEALESVILLE,ABCD,Aug-2024
Chum Street,GOLDEN SQUARE,BCD,May-2024
Church Road,NYAH,C,T
Church Street,GROVEDALE,BC,Aug-2024
Church Street,RICHMOND,BCD,Aug-2024
Churchill-Traralgon Road,TRARALGON,AC,Feb-2024
Cimberwood Drive,CRAIGIEBURN,C,Aug-2024
Civic Parade,ALTONA,C,T
Claremont Avenue,MALVERN,BCD,Jun-2024
Clarendon Street,EAST MELBOURNE,AD,Apr-2024
Clarendon Street,THORNBURY,BCD,T
Clarinda Road,CLARINDA,AC,Mar-2024
Clarke Road,SPRINGVALE SOUTH,C,Aug-2024
Clarkes Road,BROOKFIELD,BC,May-2024
Clayton Road,CLAYTON,C,Jun-2024
Clendon Road,TOORAK,BCD,Aug-2024
Clifton Springs Road,CLIFTON SPRINGS,BC,Aug-2024
Clyde Road,BERWICK,ABCD,Apr-2024
Clyde-Five Ways Road,CLYDE,BC,Apr-2024
Cobb And Co Road,CARLSRUHE,ABCD,T
Cobden-Warrnambool Road,GLENFYNE,ABC,Nov-2023
Coburns Road,MELTON,BCD,May-2024
Coburns Road,KURUNJANG,BCD,May-2024
Coburns Road,MELTON SOUTH,BCD,May-2024
Coburns Road,TOOLERN VALE,C,May-2024
Cohuna Island Road,COHUNA,C,T
Cohuna-Koondrook Road,GANNAWARRA,C,T
Cohuna-Koondrook Road,KOONDROOK,C,T
Cohuna-Leitchville Road,LEITCHVILLE,BC,T
Colac Forrest Road,YEODENE,AC,Aug-2024
Colac Road,HIGHTON,ABCD,T
Colac-Ballarat  Road,WEERING,BC,Aug-2024
Colac-Ballarat Road,CAMBRIAN HILL,ABCD,Aug-2024
Colac-Ballarat Road,CORINDHAP,BCD,Aug-2024
Colac-Ballarat Road,NAPOLEONS,BCD,Aug-2024
Colac-Lavers Hill Road,BARONGAROOK,C,Aug-2024
Coleraine-Balmoral Road,BALMORAL,C,May-2024
Commercial Road,MORWELL,ABC,Apr-2024
Commercial Street,MERBEIN,BC,Aug-2024
Condon Street,KENNINGTON,ABCD,May-2024
Cook Street,PORT MELBOURNE,ABCD,T
Cookes Road,DOREEN,BC,Aug-2024
Coolart Road,BITTERN,BC,Sep-2024
Coombes Road,TORQUAY,BC,Aug-2024
Cooper Street,SOMERTON,ABC,Aug-2024
Copelands Road,WARRAGUL,BCD,T
Coppards Road,MOOLAP,BC,Aug-2024
Coppards Road,NEWCOMB,C,Aug-2024
Copperfield Drive,DELAHEY,BC,May-2024
Cornwall Road,SUNSHINE,ABC,May-2024
Coronation Avenue,SWAN HILL,C,Aug-2024
Corrigan Road,KEYSBOROUGH,C,Aug-2024
Corrigan Road,NOBLE PARK,C,Aug-2024
Coulstock Street,WARRNAMBOOL,C,Nov-2023
Cowra Avenue,IRYMPLE,ABC,Aug-2024
Cowra Avenue,MILDURA,ABC,Aug-2024
Cox Road,NORLANE,AC,Aug-2024
Craig Road,CRANBOURNE SOUTH,B,Apr-2024
Craig Road,DEVON MEADOWS,B,Apr-2024
Craigie Road,MOUNT MARTHA,C,Sep-2024
Craigieburn Road,WOLLERT,ABCD,T
Craigieburn Road,WOLLERT,AC,Aug-2024
Craigieburn Road,CRAIGIEBURN,AC,Aug-2024
Cramer Street,WARRNAMBOOL,C,Nov-2023
Cranbourne-Frankston Road,LANGWARRIN,ABC,Sep-2024
CRANE Street,JACKASS FLAT,ACD,May-2024
Cravens Road,MERNDA,BCD,Aug-2024
Creswick Road,BALLARAT CENTRAL,ABCD,T
Creswick Road,BALLARAT,C,Aug-2024
Creswick-Newstead Road,CAMPBELLTOWN,ABCD,Aug-2024
Creswick-Newstead Road,NEWSTEAD,C,Aug-2024
Crook Street,KENNINGTON,BCD,May-2024
Crusoe Road,KANGAROO FLAT,ABCD,May-2024
Cureton Avenue,MILDURA,AC,Aug-2024
Curlewis Road,CURLEWIS,C,Aug-2024
Curlewis Street,SWAN HILL,C,Aug-2024
Curtin Street,FLORA HILL,BCD,May-2024
Cuthberts Road,LUCAS,ABCD,Aug-2024
Dalmore Road,KOO WEE RUP,BC,Apr-2024
Dalrymple Road,SUNBURY,C,Aug-2024
Dalton Road,EPPING,ABCD,T
Dalton Road,LALOR,BCD,Aug-2024
Dandenong Bypass,DANDENONG SOUTH,BC,Aug-2024
Dandenong Road,CAULFIELD NORTH,ABCD,Apr-2024
Dandenong Road,MALVERN,ABCD,Apr-2024
Dandenong Road,PRAHRAN,ABCD,Jun-2024
Dandenong Road,WINDSOR,ABCD,Jun-2024
Dandenong Road East,FRANKSTON,ABC,Sep-2024
Dandenong-Hastings Road,CRANBOURNE,C,Apr-2024
Dandenong-Hastings Road,TYABB,C,Sep-2024
Danks Street,MIDDLE PARK,ABCD,Jun-2024
Darebin Road,THORNBURY,BCD,Aug-2024
Dargo road,LINDENOW,C,Dec-2023
Darian Road,TORQUAY,BC,Aug-2024
Darling Road,MALVERN EAST,C,Jun-2024
Darlington Road,STAWELL,C,T
Dartmoor-Hamilton Road,YULECART,ABC,May-2024
Dartmoor-Hamilton Road,HAMILTON,C,May-2024
Davisson Street,EPPING,C,Aug-2024
Daylesford-Malmsbury Road,DENVER,ABCD,Aug-2024
Dead Horse Lane,MANSFIELD,BCD,May-2024
Deakin Avenue,MILDURA,ABC,Aug-2024
Deep Creek Road,MITCHAM,BC,Jun-2024
Delatite Road,SEYMOUR,C,Aug-2024
Delta Road,GREENSBOROUGH,ABCD,Aug-2024
Dendy Street,BRIGHTON,A,Mar-2024
Dendy Street,BRIGHTON EAST,ABC,Mar-2024
Derrimut Road,HOPPERS CROSSING,ABCD,Apr-2024
Devon Road,PASCOE VALE,C,Aug-2024
Devonshire Road,SUNSHINE,BCD,Jun-2024
Diggers Rest Coimadai Road,TOOLERN VALE,ABCD,May-2024
Diggers Rest-Coimadai Road,COIMADAI,ABCD,Aug-2024
Diggers Rest-Coimadai Road,DIGGERS REST,BCD,May-2024
Diggers Rest-Coimadai Road,TOOLERN VALE,BCD,May-2024
Dinah Parade,KEILOR EAST,C,Aug-2024
Dingley Bypass,DINGLEY VILLAGE,ABCD,T
Dingley Bypass,CLARINDA,ABCD,T
Dingley Bypass,HEATHERTON,AC,Mar-2024
Dohertys Road,ALTONA NORTH,ABCD,T
Dohertys Road,TRUGANINA,BCD,T
Don Road,BADGER CREEK,AC,Jul-2024
Donald Cameron Drive,ROXBURGH PARK,C,Aug-2024
Donald-Swan Hill Road,KALPIENUNG,C,Aug-2024
Donald-Swan Hill Road,LALBERT,C,Aug-2024
Donald-Swan Hill Road,SWAN HILL,C,Aug-2024
Donnybrook Road,MICKLEHAM,ABC,Aug-2024
Donnybrook Road,YAN YEAN,C,Aug-2024
Donovans Way,MANSFIELD,BCD,Apr-2024
Dooen Road,HORSHAM,C,T
Dorset Road,CROYDON,ABC,Jul-2024
Doveton Street North,INVERMAY PARK,BC,Aug-2024
Doveton Street North,BALLARAT NORTH,BCD,Aug-2024
Downes Road,CASTLEMAINE,C,Aug-2024
Driscolls Road,KEALBA,BC,May-2024
Dromana Parade,SAFETY BEACH,ABCD,Sep-2024
Drummond Street South,BALLARAT,C,Aug-2024
Drysdale-Ocean Grove Road,WALLINGTON,BC,Aug-2024
Duff Street,CRANBOURNE WEST,B,Apr-2024
Duke Street,SUNSHINE,ABCD,May-2024
Dunblane Road,NOBLE PARK,BC,Aug-2024
Duncan Drive,PAKENHAM,BC,Apr-2024
Duncans Road,WERRIBEE,C,T
Dundas Road,MARYBOROUGH,BCD,Aug-2024
Dundas Street,PRESTON,ABC,Aug-2024
Dundas Street,RYE,C,Sep-2024
Dunkeld-Cavendish Road,MOUTAJUP,AC,May-2024
Dunne Street,KINGSBURY,ABC,Aug-2024
Dunns Creek Road,DROMANA,ABC,Sep-2024
Dunns Road,MOUNT MARTHA,BC,Sep-2024
Dwyer Street,KALKALLO,ABCD,Aug-2024
Dynon Road,WEST MELBOURNE,ABCD,Aug-2024
Earl Street,KEW,ABCD,T
East Boundary Road,BENTLEIGH EAST,C,Jun-2024
East Esplanade,ST ALBANS,BCD,May-2024
East Street,HADFIELD,BC,Aug-2024
Eastbourne Road,ROSEBUD,ABC,Sep-2024
Eastfield Road,CROYDON,BCD,Jul-2024
Eaststone Avenue,WOLLERT,BCD,Jun-2024
Echuca-Kyabram Road,ECHUCA,BCD,May-2024
Echuca-Mooroopna Road,MOOROOPNA NORTH,BC,Aug-2024
Echuca-Mooroopna Road,UNDERA,BC,Aug-2024
Echuca-Mooroopna Road,ST GERMAINS,C,Aug-2024
Edenvale Boulevard,WOLLERT,BCD,Aug-2024
Edgar Street,PORTLAND,C,T
Edgars Road,LALOR,ABCD,Aug-2024
Edgars Road,EPPING,BC,Jan-2024
Edgars Road,WOLLERT,BCD,Jul-2024
Edithvale Road,CHELSEA HEIGHTS,AC,Jun-2024
Edward Road,CHIRNSIDE PARK,ABC,Jul-2024
Edwardes Street,RESERVOIR,BCD,Aug-2024
Edwards Road,JACKASS FLAT,ABCD,May-2024
Eighth Street,MILDURA,ABCD,Aug-2024
Eildon-Jamieson Road,EILDON,C,Apr-2024
Eildon-Jamieson Road,JAMIESON,C,Apr-2024
Elcho Road,LARA,BC,Aug-2024
Elder Street,WATSONIA,BC,Aug-2024
Elevation Boulevard,CRAIGIEBURN,ABC,Aug-2024
Eleventh Street,IRYMPLE,ABCD,Aug-2024
Eleventh Street,MILDURA,ABCD,Aug-2024
Elgar Road,BOX HILL SOUTH,C,Jun-2024
Elgar Road,BURWOOD,C,Jun-2024
Elizabeth Drive,SUNBURY,BC,Aug-2024
Elizabeth Street,COBURG,ABC,Aug-2024
Elizabeth Street,ARARAT,BC,T
Elizabeth Street,EDENHOPE,C,T
Ellscott Boulevard,MICKLEHAM,ABC,Aug-2024
Eltham-Yarra Glen Road,KANGAROO GROUND,ABCD,Aug-2024
Eltham-Yarra Glen Road,CHRISTMAS HILLS,AC,Aug-2024
Eltham-Yarra Glen Road,WATSONS CREEK,B,Aug-2024
Elvins Street,MANSFIELD,BCD,Apr-2024
Elwers Road,ROSEBUD,BCD,Sep-2024
Emily Street,SEYMOUR,ABCD,T
Emu Creek Road,STRATHFIELDSAYE,AC,May-2024
Emu Road,MAIDSTONE,BC,T
Epping Road,WOLLERT,ABCD,Aug-2024
Epping Road,EPPING,BCD,Aug-2024
Epping Road,WOODSTOCK,C,Aug-2024
Epsom Road,ASCOT VALE,C,Aug-2024
Epsom-Barnadown Road,ASCOT,BC,May-2024
Ernst Wanke Road,BERWICK,B,Apr-2024
Erskine Road,MACLEOD,AC,Aug-2024
Esplanade,BRIGHTON,ABCD,Mar-2024
Esplanade,MOUNT MARTHA,ABCD,Jul-2024
Esplanade,ALTONA,B,T
Essex Street,WEST FOOTSCRAY,C,T
Ester Street,GREENSBOROUGH,BCD,Aug-2024
Etiwanda Avenue,MILDURA,ABCD,Aug-2024
Eureka Street,BALLARAT EAST,ABC,Aug-2024
Euroa-Mansfield Road,EUROA,ABC,Apr-2024
Euroa-Mansfield Road,GOORAM,ABC,Apr-2024
Euroa-Mansfield Road,MERTON,C,Apr-2024
Euroa-Shepparton Road,EUROA,C,Apr-2024
Euroa-Shepparton Road,MIEPOLL,C,Aug-2024
Everleigh Drive,DIAMOND CREEK,BD,Aug-2024
Exford Road,EXFORD,ABCD,May-2024
Exford Road,MELTON SOUTH,C,May-2024
Eynesbury Road,EYNESBURY,BC,May-2024
Eyre Street,ECHUCA,C,May-2024
Fairbairn Road,SUNSHINE WEST,BCD,Jun-2024
Fairbank Road,CLAYTON SOUTH,ABCD,Mar-2024
Federation Way,BOWSER,ABC,May-2024
Fellmongers Road,BREAKWATER,ABCD,Aug-2024
Felltimber Creek Road,WODONGA,BC,May-2024
Ferntree Gully Road,FERNTREE GULLY,A,Mar-2024
Ferntree Gully Road,CLAYTON,ABCD,T
Ferntree Gully Road,WHEELERS HILL,ABCD,Nov-2023
Ferris Road,MELTON SOUTH,C,May-2024
Field Street,RYE,C,Sep-2024
Fifteenth Street,MILDURA,ABCD,Jun-2024
Fifteenth Street,IRYMPLE,AC,Aug-2024
Finch Street,MALVERN EAST,ABCD,Jun-2024
Findon Road,SOUTH MORANG,BC,Aug-2024
Findon Road,EPPING,BCD,Aug-2024
Finlayson Street,ROSANNA,B,Aug-2024
Fischer Street,TORQUAY,ABCD,Aug-2024
Fisken Street,BACCHUS MARSH,ABCD,Aug-2024
Fitzgerald Road,DERRIMUT,BCD,Jun-2024
Fitzgerald Road,SUNSHINE WEST,BCD,Jun-2024
Fitzroy Avenue,RED CLIFFS,ABCD,Mar-2024
Fitzsimons Lane,TEMPLESTOWE,AC,Jun-2024
Flaxen Hills Road,DOREEN,BC,Aug-2024
Flaxman Street,WARRNAMBOOL,ABCD,Nov-2023
Fletcher Street,ESSENDON,BCD,Aug-2024
Flora Avenue,MILDURA,ABCD,Aug-2024
Forest Red Gum Drive,MICKLEHAM,ABC,Aug-2024
Forrest Street,ALBION,BC,May-2024
Forrest Street,ARDEER,BC,May-2024
Fosters Road,KEILOR PARK,BCD,Jun-2024
Fourteenth Street,MILDURA,ABCD,Aug-2024
Fourteenth Street,IRYMPLE,C,Aug-2024
Frankston-Dandenong Road,FRANKSTON NORTH,ABCD,Jul-2024
Frankston-Dandenong Road,SEAFORD,ABCD,Sep-2024
Frankston-Dandenong Road,BANGHOLME,C,Aug-2024
Frankston-Dandenong Road,FRANKSTON,C,Sep-2024
Frankston-Flinders Road,BITTERN,ABC,Sep-2024
Frankston-Flinders Road,FRANKSTON SOUTH,ABCD,T
Frankston-Flinders Road,SOMERVILLE,ABCD,Sep-2024
Frankston-Flinders Road,TYABB,ABCD,Sep-2024
Frawley Road,HALLAM,ABC,Apr-2024
Fryers Road,HIGHTON,BCD,Aug-2024
Fullarton Road,KEILOR PARK,BCD,Jun-2024
Fulton Road,BLACKBURN SOUTH,ACD,Jun-2024
Furlong Road,ST ALBANS,BCD,May-2024
Furlong Road,SUNSHINE NORTH,BCD,Jun-2024
Fyansford-Gheringhap Road,GHERINGHAP,BC,Aug-2024
Gaffney Street,PASCOE VALE,C,Aug-2024
Gallaghers Road,GLEN WAVERLEY,C,Jun-2024
Gap Road,SUNBURY,ABC,Aug-2024
Garden Road,CLAYTON,ABC,Jun-2024
Garden Street,PORTLAND,C,T
Gardenia Street,HORSHAM,AC,T
Garnett Road,WHEELERS HILL,ACD,Jun-2024
Gateshead Drive,WANTIRNA SOUTH,BCD,Jul-2024
Gayview Drive,WODONGA WEST,ABCD,Jul-2024
Gear Avenue,MOUNT HELEN,BC,Aug-2024
Geelong Road,BROOKLYN,ABCD,T
Geelong Road,BANNOCKBURN,ABCD,Aug-2024
Geelong-Bacchus Marsh Road,BACCHUS MARSH,C,Aug-2024
Geelong-Bacchus Marsh Road,BALLIANG EAST,C,Aug-2024
Geelong-Ballan Road,BALLAN,ABC,Aug-2024
Geelong-Ballan Road,BEREMBOKE,ABC,Aug-2024
Geelong-Ballan Road,MOUNT WALLACE,ABC,Aug-2024
George Street,SANDRINGHAM,AC,Mar-2024
George Street,DONCASTER,C,Jan-2024
George Street,HAMILTON,C,May-2024
Gibsons Road,SALE,C,Dec-2023
Gilbert Road,RESERVOIR,ABCD,Aug-2024
Gilbert Road,PRESTON,BCD,Feb-2024
Gillespie Road,KINGS PARK,BCD,Jun-2024
Gillies Road,BALD HILLS,ABCD,Aug-2024
Gillies Road,MOUNT ROWAN,BC,Feb-2024
Gillies Road,ASCOT,BC,Aug-2024
Gillies Road,SULKY,BC,Aug-2024
Gillies Street,MARYBOROUGH,BCD,Aug-2024
Gisborne - Melton Road,KURUNJANG,BCD,May-2024
Gisborne Road,COIMADAI,ABCD,Aug-2024
Gisborne Road,BACCHUS MARSH,C,Aug-2024
Gisborne-Melton Road,TOOLERN VALE,ABC,May-2024
Gisborne-Melton Road,KURUNJANG,ABCD,May-2024
Gisborne-Melton Road,MELTON,BC,May-2024
Gisbourne Road,DARLEY,ABCD,Aug-2024
Gladesville Boulevard,PATTERSON LAKES,ACD,Mar-2024
Gladstone Road,DANDENONG NORTH,C,Aug-2024
Gladstone Street,MARYBOROUGH,C,Aug-2024
Glen Huntly Road,ELWOOD,BC,Jun-2024
Glen Iris Road,GLEN IRIS,ABCD,Jul-2024
Glen Katherine Drive,ST HELENA,B,Aug-2024
Glenbarry Road,CAMPBELLFIELD,BC,Aug-2024
Glencairn Drive,GREENVALE,BC,Aug-2024
Glenelg Highway,DUNKELD,ABC,May-2024
Glenelg Highway,LAKE BOLAC,AC,T
Glenelg Highway,WICKLIFFE,AC,T
Glenelg Highway,WARRAYURE,AC,May-2024
Glenelg Highway,SMYTHESDALE,BC,Aug-2024
Glenelg Highway,STREATHAM,C,T
Glenelg Highway,WESTMERE,C,T
Glenelg Highway,CASTERTON,C,T
Glenelg Highway,WILKIN,C,T
Glenelg Highway,CARRANBALLAC,C,Jan-2024
Glenelg Highway,GLENTHOMPSON,C,May-2024
Glenelg Highway,HAMILTON,C,May-2024
Glenelg Highway,WANNON,C,May-2024
Glenelg Highway,COLERAINE,C,Aug-2024
Glenelg Highway,SKIPTON,C,Aug-2024
Glenelg Highway,SMYTHES CREEK,C,Aug-2024
Glenelg Highway,PITTONG,C,Aug-2024
Glenfern Road,UPWEY,ABC,Jul-2024
Glenferrie Road,HAWTHORN,ACD,Jul-2024
Glenferrie Road,MALVERN,C,Jun-2024
Glengala Road,SUNSHINE WEST,BCD,Jun-2024
Glengarry West Road,GLENGARRY WEST,AC,Feb-2024
Glenrowan Myrtleford Road,MARKWOOD,C,May-2024
Glenrowan-Myrtleford Road,WHOROULY,ABC,May-2024
Glenrowan-Myrtleford Road,LACEBY,AC,May-2024
Glenroy Road,GLENROY,C,Aug-2024
Golf Course Road,HAVEN,C,T
Golf Links Road,BARWON HEADS,ABCD,Aug-2024
Golf Links Road,NARRE WARREN,B,Apr-2024
Golf Links Road,FRANKSTON,C,Sep-2024
Goodwin Street,BENALLA,BC,May-2024
Gordon Street,WODONGA,BCD,May-2024
Gordons Road,SOUTH MORANG,ABCD,Aug-2024
Gorge Road,SOUTH MORANG,AC,Aug-2024
Goulburn Valley Freeway,MANGALORE,AC,Aug-2024
Goulburn Valley Freeway,NAGAMBIE,C,Aug-2024
Goulburn Valley Freeway,WAHRING,C,Aug-2024
Goulburn Valley Highway,KIALLA WEST,ABCD,T
Goulburn Valley Highway,NUMURKAH,ABCD,Jul-2024
Goulburn Valley Highway,STRATHMERTON,ABCD,Jul-2024
Goulburn Valley Highway,WUNGHNU,ABCD,Jul-2024
Goulburn Valley Highway,YIELIMA,ABCD,Jul-2024
Goulburn Valley Highway,BUNDALONG,ABCD,Jul-2024
Goulburn Valley Highway,COBRAM,ABCD,Jul-2024
Goulburn Valley Highway,KATAMATITE,ABCD,Jul-2024
Goulburn Valley Highway,YARRAWONGA,ABCD,Jul-2024
Goulburn Valley Highway,SEYMOUR,ABCD,Aug-2024
Goulburn Valley Highway,NATHALIA,ABCD,Aug-2024
Goulburn Valley Highway,MOLESWORTH,AC,Aug-2024
Goulburn Valley Highway,KOONOOMOO,C,Apr-2024
Goulburn Valley Highway,EILDON,C,Apr-2024
Goulburn Valley Highway,KORIELLA,C,Apr-2024
Goulburn Valley Highway,HOMEWOOD,C,Aug-2024
Goulburn Valley Highway,TALLYGAROOPNA,C,Aug-2024
Goulburn Valley Hwy,SHEPPARTON NORTH,AC,Aug-2024
Gourlay Road,TAYLORS HILL,BC,May-2024
Gourlay Road,HILLSIDE,BCD,May-2024
Gower Street,PRESTON,BCD,Aug-2024
Goynes Road,EPSOM,ABCD,May-2024
Graham Road,KYVALLEY,CD,May-2024
Graham Street,PORT MELBOURNE,ABCD,Jun-2024
Graham Street,WONTHAGGI,BC,Sep-2024
Grampians Road,MOKEPILLY,AC,T
Grampians Road,HALLS GAP,C,T
Grandvue Boulevard,PAKENHAM,BC,Apr-2024
Grange Drive,SOUTH MORANG,BC,Aug-2024
Grange Road,TOORAK,ABC,Jun-2024
Grange Road,ALPHINGTON,AC,Aug-2024
Grano Street,ARARAT,B,T
Grants Road,WHITTLESEA,AC,Aug-2024
Grants Road,EDEN PARK,C,Aug-2024
Gravesend Street,COLAC,AC,Aug-2024
Gray Street,SWAN HILL,C,T
Graydens Road,HASTINGS,ABC,Sep-2024
Great Alpine Road,SMOKO,ABC,Mar-2024
Great Alpine Road,BOWMANS FOREST,ABC,Apr-2024
Great Alpine Road,EUROBIN,ABC,Apr-2024
Great Alpine Road,POREPUNKAH,ABCD,Apr-2024
Great Alpine Road,EAST WANGARATTA,ACD,May-2024
Great Alpine Road,TARRAWINGEE,ACD,May-2024
Great Alpine Road,OVENS,B,Apr-2024
Great Alpine Road,DOCTORS FLAT,BC,Dec-2023
Great Alpine Road,BRIGHT,BC,Apr-2024
Great Alpine Road,HARRIETVILLE,BCD,Mar-2024
Great Alpine Road,GRANITE ROCK,C,Dec-2023
Great Alpine Road,OMEO,C,Dec-2023
Great Alpine Road,SARSFIELD,C,Dec-2023
Great Alpine Road,SWIFTS CREEK,C,Dec-2023
Great Alpine Road,WISELEIGH,C,Dec-2023
Great Alpine Road,GAPSTED,CD,T
Great Ocean  Road,ANGLESEA,ABCD,Aug-2024
Great Ocean  Road,APOLLO BAY,C,Aug-2024
Great Ocean Road,LORNE,ABC,Aug-2024
Great Ocean Road,PORT CAMPBELL,ABCD,Nov-2023
Great Ocean Road,WONGARRA,AC,Aug-2024
Great Ocean Road,PETERBOROUGH,C,Nov-2023
Great Ocean Road,SKENES CREEK,C,Aug-2024
Greaves Road,NARRE WARREN SOUTH,B,Apr-2024
Green Gully Road,KEILOR DOWNS,ABCD,T
Green Street,NOBLE PARK,B,Aug-2024
Greenhalghs Road,BUNKERS HILL,BC,Aug-2024
Greensborough Road,GREENSBOROUGH,ABCD,Aug-2024
Greenvale Drive,GREENVALE,BC,Aug-2024
Greenwood Drive,BUNDOORA,BCD,Aug-2024
Greigs Road,STRATHTULLOH,ABCD,May-2024
Greythorn Road,BALWYN NORTH,C,Jun-2024
Grieve Parade,ALTONA NORTH,ABCD,T
Grigg Road,KOONDROOK,C,T
Grubb Road,OCEAN GROVE,BC,Aug-2024
Guthridge Parade,SALE,C,Dec-2023
Guys Hill Road,STRATHFIELDSAYE,ABCD,May-2024
Hall Road,CARRUM DOWNS,ABC,Sep-2024
Hallam South Road,HAMPTON PARK,AC,Apr-2024
Hamilton  Highway,WINGEEL,AC,Aug-2024
Hamilton Highway,CRESSY,ABC,Aug-2024
Hamilton Highway,BERRYBANK,ABCD,Nov-2023
Hamilton Highway,MURGHEBOLUC,AC,Aug-2024
Hamilton Highway,STONEHAVEN,AC,Aug-2024
Hamilton Highway,LISMORE,C,Nov-2023
Hamilton Highway,MORTLAKE,C,Nov-2023
Hamilton Highway,PENSHURST,C,May-2024
Hamilton Street,PETERBOROUGH,ABCD,T
Hamilton Street,BROADFORD,ABCD,T
Hamilton-Natimuk Road,CAVENDISH,C,May-2024
Hampden Road,ARMADALE,CD,Jun-2024
Hampshire Road,SUNSHINE,BCD,Jun-2024
Hampton Street,BRIGHTON,ABCD,Mar-2024
Hanlon Parade,PORTLAND,C,T
Hanson Road,CRAIGIEBURN,C,Aug-2024
Harcourt Road,BORONIA,BC,Feb-2024
Harding Street,COBURG,BCD,Aug-2024
Hargraves Street,CASTLEMAINE,ABCD,Aug-2024
Hargreaves Street,GOLDEN SQUARE,BCD,May-2024
Harold Road,SPRINGVALE SOUTH,C,Aug-2024
Harris Street,WARRNAMBOOL,C,Nov-2023
Hatchlands Drive,DEER PARK,BCD,Jun-2024
Hattah-Robinvale Road,HATTAH,C,Aug-2024
Haverbrack Drive,MULGRAVE,ABCD,Jun-2024
Havilah Road,LONG GULLY,BCD,May-2024
Hawkins Street,SHEPPARTON,BC,Aug-2024
Hawthorn Road,CAULFIELD SOUTH,B,Jun-2024
Hazel Glen Drive,MERNDA,C,Aug-2024
Heads Road,DONVALE,C,Jan-2024
Healesville-Kinglake Road,CHUM CREEK,ABCD,Jul-2024
Healesville-Koo Wee Rup Road,WOORI YALLOCK,ABC,May-2024
Healesville-Koo Wee Rup Road,HEALESVILLE,ABC,Jul-2024
Healesville-Koo Wee Rup Road,YELLINGBO,ABC,Jul-2024
Heathcote-Nagambie Road,GRAYTOWN,C,Aug-2024
Heathcote-Nagambie Road,NAGAMBIE,C,Aug-2024
Heatherdale Road,MITCHAM,C,Jun-2024
Heatherton Road,CLAYTON SOUTH,AC,Jun-2024
Heatherton Road,ENDEAVOUR HILLS,BC,Apr-2024
Heaths Road,HOPPERS CROSSING,ABCD,Apr-2024
Heaths Road,WERRIBEE,C,T
Hedderwick Street,ESSENDON,C,Aug-2024
Heidelberg Road,CLIFTON HILL,BC,Aug-2024
Heidelberg-Kinglake Road,COTTLES BRIDGE,ABCD,Aug-2024
Heidelberg-Warrandyte Road,WARRANDYTE,C,Jun-2024
Heinz Lane,INVERMAY PARK,BC,Aug-2024
Hendy Main Road,MORIAC,ABC,Aug-2024
Hensley Park Road,HAMILTON,C,May-2024
Henty Highway,BRANXHOLME,ABC,May-2024
Henty Highway,HAMILTON,ABC,May-2024
Henty Highway,BRIMPAEN,C,T
Henty Highway,BYRNEVILLE,C,T
Henty Highway,HAVEN,C,T
Henty Highway,RIVERSIDE,C,T
Henty Highway,WONWONDAH NORTH,C,T
Henty Highway,MOORALLA,C,May-2024
Henty Street,RESERVOIR,ABCD,Aug-2024
Hertford Road,SUNSHINE,BC,May-2024
Heyers Road,GROVEDALE,ABCD,Aug-2024
Heyington Avenue,THOMASTOWN,BCD,Aug-2024
Hidden Valley Boulevard,WALLAN,BC,Aug-2024
High Street,LEARMONTH,ABCD,T
High Street,KANGAROO FLAT,ABCD,Oct-2023
High Street,WINDSOR,ABCD,Jun-2024
High Street,BROADFORD,ABCD,Aug-2024
High Street,SEYMOUR,ABCD,Aug-2024
High Street,ARARAT,AC,T
High Street,GOLDEN SQUARE,AC,May-2024
High Street,RESERVOIR,AC,Aug-2024
High Street,MELTON,BCD,May-2024
High Street,MELTON WEST,BCD,May-2024
High Street,EPPING,BCD,Aug-2024
High Street,LALOR,BCD,Aug-2024
High Street,GLEN IRIS,C,Jun-2024
High Street,KEW,C,Jun-2024
High Street,TEMPLESTOWE,C,Jun-2024
High Street,BEAUFORT,CD,Aug-2024
High Street Road,GLEN WAVERLEY,ABCD,T
High Street Road,WANTIRNA SOUTH,AC,Jul-2024
High Street Road,MOUNT WAVERLEY,C,Jun-2024
Highbury Road,GLEN WAVERLEY,C,Jun-2024
Highbury Road,MOUNT WAVERLEY,C,Jun-2024
Highett Road,HIGHETT,ABCD,Jun-2024
Highlander Drive,CRAIGIEBURN,ABC,Aug-2024
Highlands Road,SEYMOUR,ABC,Aug-2024
Highpark Drive,WOLLERT,BCD,Aug-2024
Highton Lane,MANSFIELD,BC,Apr-2024
Hillcrest Avenue,KEW EAST,ABCD,Jul-2024
Hilma Street,SUNSHINE WEST,C,May-2024
Hodder Street,BRIGHTON EAST,AC,Mar-2024
Hodgins Road,HASTINGS,BCD,Sep-2024
Hoffmans Road,NIDDRIE,C,Aug-2024
Holden Road,DIGGERS REST,C,May-2024
Holdsworth Road,NORTH BENDIGO,ABCD,May-2024
Holdsworth Road,WHITE HILLS,ABCD,May-2024
Holmes Street,BRUNSWICK,C,Aug-2024
Homestead Road,BERWICK,B,Apr-2024
Hopetoun Road,TOORAK,BC,Jun-2024
Hopkins Highway,GRASSMERE,BC,Nov-2023
Hopkins Highway,PURNIM,C,Nov-2023
Hopkins Road,TRUGANINA,ABCD,Aug-2024
Horace Street,MALVERN,BC,Jun-2024
Horseshoe Bend Road,MOUNT DUNEED,BC,Aug-2024
Hosie Road,SHEPPARTON EAST,B,Aug-2024
Hotham Road,SORRENTO,ABCD,Sep-2024
Hotham Road,PORTSEA,C,Sep-2024
Hotham Street,RIPPONLEA,ABCD,Jun-2024
Howe Parade,GARDEN CITY,B,Jun-2024
Howitt Street,WARRAGUL,ACD,T
Howitt Street,BALLARAT NORTH,BCD,Aug-2024
Hughes Parade,RESERVOIR,ABC,Aug-2024
Hughes Street,OUYEN,C,Aug-2024
Hull Road,CROYDON,AC,Jul-2024
Hume Drive,TAYLORS HILL,BC,May-2024
Hume Drive,SYDENHAM,BC,May-2024
Hume Drive,CAROLINE SPRINGS,BCD,May-2024
Hume Freeway,BORALMA,ABC,Apr-2024
Hume Freeway,BOWSER,ABC,May-2024
Hume Freeway,TALLAROOK,ABC,Aug-2024
Hume Freeway,BARNAWARTHA NORTH,ABCD,May-2024
Hume Freeway,WODONGA,ABCD,Aug-2024
Hume Freeway,WANGARATTA,AC,Apr-2024
Hume Freeway,VIOLET TOWN,AC,Apr-2024
Hume Freeway,LOCKSLEY,AC,Aug-2024
Hume Freeway,CHILTERN,BC,May-2024
Hume Freeway,AVENEL,C,Aug-2024
Hume Freeway,EUROA,C,Aug-2024
Humffray Street N,BROWN HILL,ABCD,T
Humffray Street North,BALLARAT,C,Aug-2024
Humphries Road,FRANKSTON,C,Sep-2024
Huntingdale Road,OAKLEIGH SOUTH,ABCD,Jun-2024
Huntingdale Road,MOUNT WAVERLEY,C,Jun-2024
Huon Creek Road,WODONGA,C,May-2024
Hurd Street,PORTLAND,C,T
Hutchison Street,SALE,C,Dec-2023
Hutton Road,KEYSBOROUGH,C,Aug-2024
Huxley Avenue,MULGRAVE,BD,Jun-2024
Hyland Highway,FLYNNS CREEK UPPER,ABC,Feb-2024
Hyland Highway,TRARALGON,ABC,Feb-2024
Hyland Highway,YARRAM,C,Dec-2023
Ibbotson Street,ST LEONARDS,BCD,Aug-2024
Inglis Road,BERWICK,BC,Apr-2024
Inglis Street,BALLAN,ABCD,Aug-2024
Inglis Street,GOLDEN SQUARE,CD,May-2024
Inkerman Street,MARYBOROUGH,ABCD,Aug-2024
Inverloch-Venus Bay Road,INVERLOCH,B,Sep-2024
Inverloch-Venus Bay Road,POUND CREEK,BC,Sep-2024
Ironbark Road,YARRAMBAT,ACD,Aug-2024
Jacaranda Street,RED CLIFFS,ABCD,Jun-2024
Jacksons Road,NOBLE PARK NORTH,BC,Aug-2024
James Mirams Drive,ROXBURGH PARK,AC,Aug-2024
Jardin Road,WOLLERT,BCD,Jun-2024
Jasper Road,BENTLEIGH,ABC,Mar-2024
Jasper Road,MCKINNON,BC,Mar-2024
Jeeralang North Road,HAZELWOOD NORTH,ABC,Feb-2024
Jetty Road,ROSEBUD,C,Sep-2024
JOBS GULLY Road,JACKASS FLAT,CD,May-2024
John Allan Road,WYUNA,CD,May-2024
Johnson Street,RESERVOIR,BC,Aug-2024
Jones Road,SOMERVILLE,BC,Sep-2024
Jukes Road,FAWKNER,ABC,Aug-2024
Kangaroo Ground-St Andrews Road,SMITHS GULLY,A,Aug-2024
Kangaroo Ground-St Andrews Road,KANGAROO GROUND,AC,Aug-2024
Kangaroo Ground-St Andrews Road,PANTON HILL,AC,Aug-2024
Kangaroo Ground-Warrandyte Road,KANGAROO GROUND,BC,Aug-2024
Kangaroo Road,MURRUMBEENA,B,Mar-2024
Karadoc Avenue,IRYMPLE,BC,Aug-2024
Karingal Drive,FRANKSTON,ABC,Sep-2024
Karinie Street,SWAN HILL,C,Aug-2024
Karook Street,COBRAM,ABCD,Apr-2024
Kars Street,FRANKSTON,C,Sep-2024
Katamatite Road,CONGUPNA,C,Aug-2024
Katamatite-Shepparton Road,TALLYGAROOPNA,C,Aug-2024
Keilor Park Drive,KEILOR PARK,ABCD,May-2024
Kelvinside Road,NOBLE PARK,BC,Aug-2024
Kenmare Street,WATSONIA,C,Aug-2024
Kennedy Street,CASTLEMAINE,ABCD,Aug-2024
Kensington Road,KENSINGTON,ABC,Aug-2024
Kensington Road,LEOPOLD,BC,Aug-2024
Kent Street,ASCOT VALE,BC,Aug-2024
Keon Parade,KEON PARK,AC,Aug-2024
Kerang-Koondrook Road,TEAL POINT,C,T
Kerang-Murrabit Road,KERANG,BC,T
Kerang-Murrabit Road,WESTBY,BC,T
Kerang-Quambatook Road,KERANG,BC,T
Kerferd Road,ALBERT PARK,ABC,Jun-2024
Keys Road,MOORABBIN EAST,C,Jun-2024
Kialla Lakes Drive,KIALLA,ABCD,Aug-2024
Kiewa East Road,KIEWA,ABCD,May-2024
Kiewa Valley  Highway,DEDERANG,ABCD,T
Kiewa Valley  Highway,TAWONGA,ABCD,Mar-2024
Kiewa Valley  Highway,KERGUNYAH,ABCD,May-2024
Kiewa Valley Highway,KIEWA,ABC,May-2024
Kiewa Valley Highway,MOUNT BEAUTY,ABCD,Mar-2024
Kiewa Valley Highway,TAWONGA,ABCD,Mar-2024
Kiewa Valley Highway,TAWONGA SOUTH,ABCD,Mar-2024
Kiewa Valley Highway,BARANDUDA,ABCD,Aug-2024
Kiewa Valley Highway,RUNNING CREEK,AC,Mar-2024
Kiewa Valley Highway,BANDIANA,AC,May-2024
Kiewa Valley Highway,DEDERANG,BC,Mar-2024
Kilby Road,KEW EAST,ACD,Jun-2024
Kilmore - Lancefield Road,KILMORE,ABCD,T
Kilmore-Epping Road,WALLAN,ABC,Aug-2024
Kilmore-Lancefield Road,KILMORE,C,Aug-2024
King Parrot Creek Road,STRATH CREEK,C,Aug-2024
King Street,HAMILTON,C,May-2024
Kings Road,DELAHEY,ABCD,May-2024
Kings Road,KINGS PARK,ABCD,May-2024
Kings Road,TAYLORS LAKES,ABCD,May-2024
Kings Road,ST ALBANS,AC,May-2024
Kings Way,MELBOURNE,ABCD,Apr-2024
Kingsbury Drive,BUNDOORA,ABCD,Jan-2024
Kingsclere Avenue,KEYSBOROUGH,C,Aug-2024
Kingston Road,HEATHERTON,AC,Mar-2024
Kiora Street,ALTONA MEADOWS,BCD,T
Kobyboyn Road,SEYMOUR,ABC,Aug-2024
Koo Wee Rup-Longwarry Road,BAYLES,B,Apr-2024
Koonoomoo Road,COBRAM,C,Apr-2024
Koorlong Avenue,IRYMPLE,BCD,Aug-2024
Kooyong Road,CAULFIELD NORTH,C,Jun-2024
Kooyong Road,CAULFIELD SOUTH,C,Jun-2024
Kororoit Creek Road,ALTONA,BCD,T
Kororoit Creek Road,WILLIAMSTOWN NORTH,C,T
Kulkyne Way,KARADOC,ABC,Aug-2024
Kulkyne Way,IRAAK,AC,Aug-2024
Kurrak Road,YARRAMBAT,ABCD,Aug-2024
Kyneton-Trentham Road,TRENTHAM,BC,Aug-2024
Labuan Road,NUMURKAH,ABCD,Apr-2024
Lady Nelson Way,KEILOR DOWNS,C,May-2024
Lakeside Drive,MELBOURNE,ABCD,Apr-2024
Lakeside Drive,ST KILDA,ABCD,Apr-2024
Lakeside Drive,ALBERT PARK,BC,Jun-2024
Lakeside Drive,LAKE BOGA,C,T
Lakeview Drive,LILYDALE,ABCD,Jul-2024
Lancaster Road,KYABRAM,BC,May-2024
Lancefield Road,SUNBURY,ABC,Aug-2024
Langs Road,ASCOT VALE,C,Aug-2024
Lansdowne Street,EAST MELBOURNE,AD,Apr-2024
Latrobe Road,MORWELL,ABCD,Feb-2024
Latrobe Road,MARYVALE,BC,Feb-2024
LaTrobe Street,REDAN,ABCD,Aug-2024
Lawn Road,SPRINGVALE,C,Aug-2024
Lawrence Street,WODONGA,B,May-2024
Leakes Road,PLUMPTON,ABC,May-2024
Leakes Road,TRUGANINA,BCD,T
Leamington Street,RESERVOIR,BCD,Aug-2024
Lehmanns Road,WOLLERT,BCD,May-2024
Leonard Avenue,ST ALBANS,C,Jun-2024
Leppitt Road,PAKENHAM,B,Apr-2024
Leslie Street,ST ALBANS,BC,May-2024
Liberty Avenue,ROWVILLE,C,May-2024
Lincoln Causeway,GATEWAY ISLAND,ABCD,Aug-2024
Linsell Boulevard,CRANBOURNE EAST,BC,Apr-2024
Lithgow Street,BEVERIDGE,ABCD,T
Liverpool Road,KILSYTH,C,Jul-2024
Livingstone Street,AVENEL,BC,Aug-2024
Lloyd Street,MOE,ABCD,Feb-2024
Lockwood Road,KANGAROO FLAT,ACD,May-2024
Loddon Valley  Highway,MACORNA,BC,T
Loddon Valley  Highway,TRAGOWEL,C,T
Loddon Valley Highway,TRAGOWEL,C,T
Loddon Valley Highway,KERANG SOUTH,C,T
Loddon Valley Highway,CAMPBELLS FOREST,C,May-2024
Loddon Valley Highway,CANARY ISLAND SOUTH,C,Aug-2024
Loddon Valley Highway,DURHAM OX,C,Aug-2024
Loddon Valley Highway,JARKLIN,C,Aug-2024
Loddon Valley Highway,YARRABERB,C,Aug-2024
Long Forest Road,LONG FOREST,BC,Aug-2024
Longford-Loch Sport Road,LONGFORD,ABC,Dec-2023
Longford-Loch Sport Road,DUTSON,C,Dec-2023
Lower Dandenong Road,MORDIALLOC,AC,Jun-2024
Lower Dandenong Road,DINGLEY VILLAGE,C,Mar-2024
Lower Duneed Road,MOUNT DUNEED,ABC,Aug-2024
Lower Heidelberg Road,IVANHOE EAST,ABCD,T
Lower Plenty Road,YALLAMBIE,BC,Aug-2024
Ludstone Street,HAMPTON,AC,Mar-2024
Lum Road,WHEELERS HILL,BC,Jun-2024
Lyall Road,BERWICK,B,Apr-2024
Lynnes Road,WATTLE BANK,BC,Sep-2024
Lyon Road,VIEWBANK,BCD,Aug-2024
Lyons Street,WHITE HILLS,CD,May-2024
Lyrebird Drive,CARRUM DOWNS,ABC,Sep-2024
MacArthur Street,SALE,C,Dec-2023
Macaulay Road,NORTH MELBOURNE,ABC,Aug-2024
Mackie Road,BENTLEIGH EAST,BCD,Jun-2024
Macleod Street,BAIRNSDALE,BC,Dec-2023
Madeira Packet Road,PORTLAND,C,T
Maffra-Rosedale Road,NAMBROK,ABC,Dec-2023
Maffra-Sale Road,MAFFRA,ABCD,Dec-2023
Maginness Street,BENALLA,C,Apr-2024
Maiden Gully Road,MAIDEN GULLY,ABCD,May-2024
Maidstone Street,ALTONA,C,T
Main Hurstbridge Road,DIAMOND CREEK,BCD,Aug-2024
Main Neerim Road,NEERIM SOUTH,ABC,T
Main Neerim Road,NEERIM JUNCTION,ABD,T
Main Neerim Road,DROUIN,BCD,T
Main Road,CAMPBELLS CREEK,ABCD,T
Main Road,LOWER PLENTY,ABCD,Aug-2024
Main Road,MONTMORENCY,AC,Aug-2024
Main Road,HURSTBRIDGE,BC,Aug-2024
Main Road,PAYNESVILLE,C,Dec-2023
Main Road,SEASPRAY,C,May-2024
Main Road,ELTHAM,C,Aug-2024
Main Road East,ST ALBANS,ABCD,May-2024
Main Road West,ST ALBANS,ABCD,May-2024
Main Street,BLACKBURN,ABCD,Jun-2024
Main Street,ROMSEY,CD,May-2024
Major Road,FAWKNER,ABC,Aug-2024
Majorca Road,MARYBOROUGH,BC,Aug-2024
Malcolm Street,MANSFIELD,ABC,Apr-2024
Mallee,MURRAYVILLE,ABCD,Aug-2024
Mallee Highway,PIANGIL WEST,C,T
Mallee Highway,BOINKA,C,Aug-2024
Mallee Highway,BOORONGIE NORTH,C,Aug-2024
Mallee Highway,CARINA,C,Aug-2024
Mallee Highway,COWANGIE,C,Aug-2024
Mallee Highway,KULWIN,C,Aug-2024
Mallee Highway,PANITYA,C,Aug-2024
Mallee Highway,UNDERBOOL,C,Aug-2024
Mallee Highway,WAGANT,C,Aug-2024
Mallee Highway,WALPEUP,C,Aug-2024
Mallee Highway,MANANGATANG,C,Aug-2024
Mallee Highway,PIANGIL,C,Aug-2024
Malvern Road,SOUTH YARRA,BC,Jun-2024
Malvern Road,GLEN IRIS,C,Jun-2024
Malvern Road,MALVERN EAST,C,Jun-2024
Malvern Road,TOORAK,C,Jun-2024
Manks Road,CLYDE,B,Apr-2024
Manningham Street,PARKVILLE,BD,Aug-2024
Mansfield Whitfield Road,MANSFIELD,ABCD,Apr-2024
Mansfield Whitfield Road,BRIDGE CREEK,ACD,Apr-2024
Mansfield-Whitfield Road,TOLMIE,ABC,Apr-2024
Mansfield-Whitfield Road,BRIDGE CREEK,C,Apr-2024
Mansfield-Woods Point Road,PIRIES,AC,Apr-2024
Mansfield-Woods Point Road,JAMIESON,BCD,Apr-2024
Mansfield-Woods Point Road,MANSFIELD,C,Apr-2024
Mansfield-Woods Point Road,HOWQUA,C,Apr-2024
Manuka Road,BERWICK,B,Apr-2024
Marathon Boulevard,CRAIGIEBURN,ABC,Aug-2024
Maribyrnong Road,ASCOT VALE,BC,Aug-2024
Marine Drive,SAFETY BEACH,C,Sep-2024
Marine Parade,HASTINGS,ABC,Sep-2024
Marine Parade,ELWOOD,BC,Jun-2024
Market Road,SUNSHINE,BCD,May-2024
Market Road,WERRIBEE,C,T
Marlo Road,MARLO,BC,May-2024
Marong Road,IRONBARK,ABCD,Oct-2023
Marong Road,WEST BENDIGO,ACD,May-2024
Maroondah Highway,YARCK,A,Apr-2024
Maroondah Highway,MERTON,ABC,Apr-2024
Maroondah Highway,HEALESVILLE,ABC,Jul-2024
Maroondah Highway,COLDSTREAM,ABCD,Jul-2024
Maroondah Highway,MAINDAMPLE,AC,Apr-2024
Maroondah Highway,BONNIE DOON,AC,Apr-2024
Maroondah Highway,BUXTON,AC,Apr-2024
Maroondah Highway,LILYDALE,ACD,Jul-2024
Maroondah Highway,MANSFIELD,C,Apr-2024
Maroondah Highway,KANUMBRA,C,Apr-2024
Maroondah Highway,NARBETHONG,C,Apr-2024
Maroondah Highway,TAGGERTY,C,Apr-2024
Maroondah highway,WOODFIELD,C,Apr-2024
Maroondah Link Highway,CATHKIN,C,Apr-2024
Mary Street,HEYFIELD,ABCD,Dec-2023
Maryborough Road,ASCOT,C,Aug-2024
Maryborough-Ballarat Road,TALBOT,ACD,Aug-2024
Maryborough-Dunolly Road,HAVELOCK,ABCD,Aug-2024
Marysville Buxton Road,MARYSVILLE,ABCD,Apr-2024
Marysville Road,GRANTON,C,Apr-2024
Maryvale Road,MORWELL,BC,Feb-2024
Mascoma Street,STRATHMORE,BC,Aug-2024
Massey Avenue,RESERVOIR,BCD,Aug-2024
Mayfair Drive,WODONGA,BCD,May-2024
McBryde Street,FAWKNER,BCD,Aug-2024
McClelland Drive,LANGWARRIN,ABC,Sep-2024
McCormick Road,KYABRAM,CD,May-2024
McCormicks Road,CARRUM DOWNS,ABC,Sep-2024
Mccormicks Road,SANDHURST,ABCD,Nov-2023
McCurdy Road,HERNE HILL,BC,Aug-2024
McDonalds Road,EPPING,BCD,Aug-2024
McIntyre Road,SUNSHINE NORTH,ABCD,Jun-2024
McIvor Highway,AXEDALE,AC,May-2024
McIvor Highway,JUNORTOUN,AC,May-2024
McIvor Highway,LONGLEA,ACD,May-2024
McIvor Highway,KNOWSLEY,C,May-2024
McKean Street,BAIRNSDALE,C,Dec-2023
McKimmies Road,BUNDOORA,BCD,Aug-2024
Mclennan Street,MOOROOPNA,ABCD,T
McMahens Road,BANGHOLME,C,Aug-2024
McMahons Road,FRANKSTON,C,Sep-2024
Meadowvale  Drive,GROVEDALE,BC,Aug-2024
Medway Road,CRAIGIEBURN,C,Aug-2024
Meeniyan-Promontory Road,BUFFALO,BC,Sep-2024
Melaluka Road,LEOPOLD,ABCD,Aug-2024
Melba Highway,YARRA GLEN,ABC,Jul-2024
Melba Highway,DIXONS CREEK,ABCD,Jul-2024
Melba Highway,LIMESTONE,AC,Aug-2024
Melba Highway,DEVLIN BRIDGE,C,Aug-2024
Melba Highway,GLENBURN,C,Aug-2024
Melbourne Road,NORTH GEELONG,ABCD,T
Melbourne Road,RYE,ABCD,Sep-2024
Melbourne Road,YEA,C,Aug-2024
Melbourne Road,BLAIRGOWRIE,C,Sep-2024
Melbourne Road,SORRENTO,C,Sep-2024
Melbourne-Lancefield Road,CLARKEFIELD,AC,May-2024
Melbourne-Lancefield Road,ROMSEY,AC,May-2024
Melbourne-Lancefield Road,SUNBURY,C,Aug-2024
Melrose Drive,TULLAMARINE,ABCD,T
Melrose Drive,WODONGA,ABCD,May-2024
Melton Highway,TAYLORS LAKES,ABCD,T
Melton Highway,MELTON,ABCD,May-2024
Melton Highway,SYDENHAM,C,May-2024
Melton Road,GISBORNE,ABCD,May-2024
Melton Valley Drive,MELTON,BCD,May-2024
Melville Road,BRUNSWICK WEST,BCD,Aug-2024
Melville Road,PASCOE VALE SOUTH,C,Aug-2024
Menadue Street,HORSHAM,BC,T
Merriang Road,BEVERIDGE,ABCD,Aug-2024
Merriang Road,WOODSTOCK,CD,Aug-2024
Merton-Euroa Road,MERTON,AC,Apr-2024
Metropolitan Ring Road,WATSONIA NORTH,ABC,Jan-2024
Metung Road,SWAN REACH,AC,Dec-2023
Mickleham Road,TULLAMARINE,ABC,Aug-2024
Mickleham Road,GREENVALE,ABC,Aug-2024
Mickleham Road,MICKLEHAM,AC,Aug-2024
Mickleham Road,YUROKE,AC,Aug-2024
Middleborough Road,BLACKBURN SOUTH,C,Jun-2024
Midland Highway,ELAINE,ABC,Aug-2024
Midland Highway,EPSOM,ABCD,Oct-2023
Midland Highway,MOOROOPNA,ABCD,Aug-2024
Midland Highway,MANSFIELD,AC,Apr-2024
Midland Highway,BENALLA,AC,Apr-2024
Midland Highway,LIMA,AC,Apr-2024
Midland Highway,BATESFORD,AC,Aug-2024
Midland Highway,HUNTLY,ACD,May-2024
Midland Highway,NEWLYN,BC,Aug-2024
Midland Highway,MAGPIE,BC,Aug-2024
Midland Highway,GHERINGHAP,BC,Aug-2024
Midland Highway,SHEPPARTON EAST,BC,Aug-2024
Midland Highway,GOORNONG,BCD,May-2024
Midland Highway,STEWARTON,C,Oct-2023
Midland Highway,BARJARG,C,Apr-2024
Midland Highway,SWANPOOL,C,Apr-2024
Midland Highway,BAGSHOT,C,May-2024
Midland Highway,BLAMPIED,C,Aug-2024
Midland Highway,MOUNT FRANKLIN,C,Aug-2024
Midland Highway,MOUNT PROSPECT,C,Aug-2024
Midland Highway,BARKERS CREEK,C,Aug-2024
Midland Highway,CAMPBELLS CREEK,C,Aug-2024
Midland Highway,CASTLEMAINE,C,Aug-2024
Midland Highway,BANNOCKBURN,C,Aug-2024
Midland Highway,CLARENDON,C,Aug-2024
Midland Highway,BYRNESIDE,C,Aug-2024
Midland Highway,TATURA,C,Aug-2024
Midland Highway,COROP,CD,May-2024
MIDLAND Highway,AVONMORE,CD,May-2024
Midland Highway,WHITE HILLS,CD,May-2024
Midland Link Highway,MAINDAMPLE,ABC,Apr-2024
Military Road,AVONDALE HEIGHTS,BC,Aug-2024
Milleara Road,KEILOR EAST,C,Aug-2024
Miller Street,EPPING,AC,Aug-2024
Millers Road,ALTONA,C,T
Millers Road,ALTONA NORTH,C,T
Millewa Road,KOORLONG,C,Aug-2024
Millewa Road,RED CLIFFS,C,Aug-2024
Mitcham Road,MITCHAM,C,Jun-2024
Mitchell Street,COLBINABBIN,BCD,May-2024
Mitchell Street,MAIDSTONE,C,T
Mitford Street,ELWOOD,BCD,Jun-2024
Moe-Glengarry Road,YALLOURN NORTH,AC,Feb-2024
Moe-Rawson Road,MOONDARRA,AC,T
Moe-Willow Grove Road,WILLOW GROVE,AC,T
Monaro Highway,NOORINBEE,ABC,May-2024
Monash Road,NEWBOROUGH,ABC,Feb-2024
Monash Street,SUNSHINE,ABCD,Jun-2024
Monash Way,CHURCHILL,ABC,Feb-2024
Monbulk Road,SILVAN,ABC,Jul-2024
Monbulk Road,MOUNT EVELYN,ABCD,T
Mont Albert Road,CANTERBURY,C,Jun-2024
Montague Street,SOUTH MELBOURNE,ABCD,Jun-2024
Montague Street,ALBERT PARK,BCD,Jun-2024
Moore Street,MOE,ABC,Feb-2024
Moore Street,WARRNAMBOOL,C,Nov-2023
Moorooduc Highway,MOUNT ELIZA,ABCD,T
Mooroopna-Murchison Road,MURCHISON,BC,Aug-2024
Mooroopna-Murchison Road,OLD TOOLAMBA,BC,Aug-2024
Moran Street,PICOLA,BC,Apr-2024
Moran Street,LONG GULLY,BCD,May-2024
Morang Drive,MILL PARK,C,Aug-2024
Moray Street,SOUTH MELBOURNE,BCD,Jun-2024
Moreland Road,BRUNSWICK,C,Aug-2024
Moreland Street,FOOTSCRAY,ABCD,T
Mornington Peninsula Freeway,ROSEBUD,ABC,Sep-2024
Mornington Peninsula Freeway,PATTERSON LAKES,ABCD,T
Mornington Peninsula Freeway,DROMANA,ABCD,Sep-2024
Mornington Peninsula Freeway,CHELSEA HEIGHTS,C,T
Mornington Peninsula Freeway,BANGHOLME,C,T
Mornington Peninsula Freeway,MCCRAE,C,Sep-2024
Mornington-Tyabb Road,TYABB,ABCD,Sep-2024
Morpung Avenue,IRYMPLE,BC,Aug-2024
Morris Road,HOPPERS CROSSING,C,T
Mortlake-Ararat Road,DENICULL CREEK,C,T
Mortlake-Ararat Road,MAROONA,C,T
Mossfiel Drive,HOPPERS CROSSING,C,T
Mount Buffalo Road,POREPUNKAH,BC,T
Mount Buller Road,MERRIJIG,ABC,Apr-2024
Mount Buller Road,SAWMILL SETTLEMENT,ABC,Apr-2024
Mount Buller Road,MANSFIELD,AC,Apr-2024
Mount Dandenong Road,CROYDON,ABC,May-2024
Mount Dandenong Tourist Road,MONTROSE,ABC,May-2024
Mount Macedon Road,WOODEND,C,May-2024
Mount Pleasant Road,ELTHAM,BC,Aug-2024
Mount Ridley Road,CRAIGIEBURN,AC,Aug-2024
Mt Alexander Road,ESSENDON,ABC,Aug-2024
Mt Buller Road,MERRIJIG,BCD,Apr-2024
Mt DERRIMUT Road,DERRIMUT,BCD,Jun-2024
Mt Ridley Road,MICKLEHAM,ABC,Aug-2024
Murchison-Tatura Road,DHURRINGILE,BC,Aug-2024
Murchison-Tatura Road,TATURA,BC,Aug-2024
Murchison-Violet Town Road,ARCADIA SOUTH,AC,Aug-2024
Murchison-Violet Town Road,MURCHISON EAST,BC,Aug-2024
Murchison-Violet Town Road,MIEPOLL,C,Aug-2024
Murdoch Road,WANGARATTA,BC,T
Murphy Street,EAST BENDIGO,C,May-2024
Murray Parade,KOONDROOK,C,T
Murray Road,COBURG,C,Aug-2024
Murray Valley  Highway,BEVERFORD,BC,T
Murray Valley Highway,COBRAM EAST,ABC,Apr-2024
Murray Valley Highway,STRATHMERTON,ABC,Apr-2024
Murray Valley Highway,TORRUMBARRY,ABC,May-2024
Murray Valley Highway,BARNAWARTHA NORTH,ABC,May-2024
Murray Valley Highway,BRIMIN,ABC,May-2024
Murray Valley Highway,BROWNS PLAINS,ABC,May-2024
Murray Valley Highway,WHARPARILLA,ABCD,May-2024
Murray Valley Highway,KOTUPNA,ABCD,May-2024
Murray Valley Highway,NATHALIA,ABCD,May-2024
Murray Valley Highway,YARRAWONGA,ABCD,May-2024
Murray Valley Highway,BARAWARTHA,ABCD,Aug-2024
Murray Valley Highway,BUNDALONG,ACD,Apr-2024
Murray Valley Highway,BAREP,ACD,May-2024
Murray Valley Highway,ECHUCA,ACD,May-2024
Murray Valley Highway,PEDERICK,ACD,May-2024
Murray Valley Highway,COHUNA,BC,T
Murray Valley Highway,MEAD,BC,T
Murray Valley Highway,WEE WEE RUP,BC,T
Murray Valley Highway,WOOD WOOD,BC,T
Murray Valley Highway,GUNBOWER,BC,May-2024
Murray Valley Highway,LEITCHVILLE,BC,May-2024
Murray Valley Highway,BARNAWARTHA,BC,May-2024
Murray Valley Highway,BERRINGAMA,BC,May-2024
Murray Valley Highway,CUDGEWA,BC,May-2024
Murray Valley Highway,TALLANGATTA,BC,May-2024
Murray Valley Highway,BEVERFORD,BC,Aug-2024
Murray Valley Highway,KENLEY,BC,Aug-2024
Murray Valley Highway,LAKE BOGA,BC,Aug-2024
Murray Valley Highway,NYAH,BC,Aug-2024
Murray Valley Highway,SWAN HILL,BC,Aug-2024
Murray Valley Highway,MYSTIC PARK,C,T
Murray Valley Highway,ROBINVALE,C,T
Murray Valley Highway,FAIRLEY,C,T
Murray Valley Highway,KERANG,C,T
Murray Valley Highway,KERANG EAST,C,T
Murray Valley Highway,LAKE CHARM,C,T
Murray Valley Highway,TRESCO,C,T
Murray Valley Highway,VINIFERA,C,T
Murray Valley Highway,BONEGILLA,C,May-2024
Murray Valley Highway,BULLIOH,C,May-2024
Murray Valley Highway,CORRYONG,C,May-2024
Murray Valley Highway,EBDEN,C,May-2024
Murray Valley Highway,RED BLUFF,C,May-2024
Murray Valley Highway,BOUNDARY BEND,C,Aug-2024
Murray Valley Highway,LAKE POWELL,C,Aug-2024
Murray Valley Highway,NARRUNG,C,Aug-2024
Murray Valley Highway,PIAMBIE,C,Aug-2024
Murray Valley Highway,PIANGIL,C,Aug-2024
Murray Valley Highway,BURRAMINE,CD,Apr-2024
Murray Valley Highway,ECHUCA VILLAGE,CD,May-2024
Murray Valley Hwy,TOWONG UPPER,C,May-2024
Murrumbeena Road,MURRUMBEENA,C,Mar-2024
Must Street,PORTLAND,C,T
Myers Road,BITTERN,BC,Sep-2024
Myrtle Street,MYRTLEFORD,ABCD,Sep-2024
Myrtlebank Road,MYRTLEBANK,ABC,Dec-2023
Myrtleford-Yackandandah Road,MUDGEGONGA,BC,Mar-2024
Napier Street,STRATHMORE,C,Aug-2024
Napoleon Road,ROWVILLE,ABC,Feb-2024
Narracan Drive,NEWBOROUGH,ABCD,Feb-2024
Navigators Road,NAVIGATORS,ABCD,Aug-2024
Neale Road,DEER PARK,BCD,Jun-2024
Nelson Road,LILYDALE,BCD,May-2024
Nepean Highway,DROMANA,ABC,Sep-2024
Nepean Highway,FRANKSTON SOUTH,ABC,Sep-2024
Nepean Highway,MORNINGTON,ABC,Sep-2024
Nepean Highway,MOUNT ELIZA,ABC,Sep-2024
Nepean Highway,MENTONE,ABCD,T
Nepean Highway,CHELSEA,ABCD,T
Nepean Highway,BRIGHTON EAST,ABCD,Mar-2024
Nepean Highway,EDITHVALE,ABCD,Mar-2024
Nepean Highway,SEAFORD,ABCD,Sep-2024
Nepean Highway,ELSTERNWICK,C,Mar-2024
Nepean Highway,PARKDALE,C,Jun-2024
Nepean Highway Service Road,MORNINGTON,BCD,Sep-2024
Nerowie Road,PARWAN,C,May-2024
New Dookie Road,GRAHAMVALE,BC,Aug-2024
Newcastle Street,PRESTON,BCD,Jun-2024
Newlands Road,COBURG,ABC,Aug-2024
Newlands Road,RESERVOIR,BCD,Aug-2024
Newlands Road,COBURG NORTH,C,Aug-2024
Nicholson Street,BRUNSWICK EAST,BCD,Aug-2024
Nicholson Street,COBURG,C,Aug-2024
Ninth Street,MILDURA,ABCD,Aug-2024
Noble Street,NOBLE PARK,CD,Aug-2024
Nolan Street,NORTH BENDIGO,ABCD,May-2024
Norman Street,WENDOUREE,C,Aug-2024
Normanby Avenue,THORNBURY,C,Aug-2024
Normanby Drive,GREENVALE,BC,Aug-2024
Normanby Street,WARRAGUL,BC,T
North Boundary Road,HAMILTON,C,May-2024
North Road,LANGWARRIN,ABC,Sep-2024
North Road,PEARCEDALE,B,Apr-2024
North Road,BRIGHTON EAST,C,Jun-2024
Northern Highway,ECHUCA,ABC,May-2024
Northern Highway,MYOLA,ABC,May-2024
Northern Highway,PYALONG,ABC,Aug-2024
Northern Highway,WALLAN,ABCD,T
Northern Highway,KILMORE,ABCD,Aug-2024
Northern Highway,ARGYLE,AC,May-2024
Northern Highway,LADYS PASS,AC,May-2024
Northern Highway,TOOLLEEN,AC,May-2024
NORTHERN Highway,ELMORE,ACD,May-2024
Northern Highway,TOOBORAC,BC,Aug-2024
Northern Highway,ELMORE,BCD,May-2024
Northern Highway,STRATHALLAN,C,May-2024
Northern Highway,HEATHCOTE,C,May-2024
Northern Highway,BYLANDS,C,Aug-2024
Northern Highway,HIGH CAMP,C,Aug-2024
Northern Highway Offramp,BEVERIDGE,ABCD,T
Northgate Drive,THOMASTOWN,ABCD,Aug-2024
Northumberland Road,PASCOE VALE,ABC,Aug-2024
Northumberland Road,SUNSHINE NORTH,BCD,May-2024
Novara Parade,ST ALBANS,BC,Jun-2024
Oak Street,PARKVILLE,ABC,Aug-2024
Oaklands Road,GREENVALE,ABCD,T
Oaklands Road,BULLA,AC,Aug-2024
Oaklands Road,OAKLANDS JUNCTION,BC,Aug-2024
Oakwood Road,ALBANVALE,C,Jun-2024
Oberon Avenue,ST ALBANS,C,May-2024
Ogilvie Avenue,ECHUCA,C,May-2024
O'Gradys Road,CARRUM DOWNS,ABC,Sep-2024
O'Gradys Road,KILMORE EAST,C,Aug-2024
O'Herns Road,EPPING,BCD,Aug-2024
Old Calder Highway,KEILOR,BCD,Jun-2024
Old Dandenong Road,OAKLEIGH SOUTH,C,Jun-2024
Old Geelong Road,HOPPERS CROSSING,ABCD,T
Old Geelong Road,LAVERTON NORTH,ABCD,T
Old Melbourne Road,TRARALGON,ABC,Feb-2024
Old Melbourne Road,GORDON,ABCD,Aug-2024
Old Sale Road,DROUIN WEST,C,T
Old Warrandyte Road,DONVALE,C,Jan-2024
Olympic Parade,MAIDEN GULLY,ABC,May-2024
Olympic Parade,KANGAROO FLAT,ACD,Jun-2024
Omeo Highway,ESKDALE,ABC,May-2024
O'Neil Road,BEACONSFIELD,BC,Apr-2024
ONeills Road,MELTON,BCD,May-2024
Ontario Avenue,MILDURA,ABCD,Aug-2024
Oriel Road,IVANHOE,C,Aug-2024
Ormond Esplanade,ELWOOD,BC,Jun-2024
Ormond Road,EAST GEELONG,BC,Aug-2024
Ormond Road,MOONEE PONDS,C,Aug-2024
Orrong Road,TOORAK,C,Jun-2024
Overport Road,FRANKSTON,C,Sep-2024
Overton Lea Boulevard,SYDENHAM,BC,May-2024
Oxley Flats Road,WANGARATTA,ABC,Apr-2024
Pakenham Road,PAKENHAM,ABCD,T
Palmerston Street,MELTON,C,May-2024
Panorama Avenue,LOWER PLENTY,BC,Aug-2024
Panton Street,GOLDEN SQUARE,CD,May-2024
Parer Road,AIRPORT WEST,BC,Aug-2024
Park Road,CHELTENHAM,AC,Mar-2024
Park Road,MARYBOROUGH,BCD,Aug-2024
Park Road,DONVALE,C,Jan-2024
Park Road,PARK ORCHARDS,C,Jan-2024
Park Street,SOUTH YARRA,ABCD,Jul-2024
Parkhill Road,KEW,ABCD,Jun-2024
Parkside Drive,SHEPPARTON,C,Aug-2024
Parwan-Exford Road,PARWAN,C,May-2024
Pascoe Vale Road,GLENROY,ABC,Aug-2024
Pascoe Vale Road,JACANA,ABC,Aug-2024
Pascoe Vale Road,MEADOW HEIGHTS,ABCD,Aug-2024
Pascoe Vale Road,COOLAROO,ABCD,Aug-2024
Pascoe Vale Road,OAK PARK,AC,Aug-2024
Pascoe Vale Road,PASCOE VALE,AC,Aug-2024
Pascoe Vale Road,ESSENDON,C,Aug-2024
Pascoe Vale Road,STRATHMORE,C,Aug-2024
Patten Street,SALE,C,Dec-2023
Patterson Avenue,KEILOR,C,Jun-2024
Paynesville Road,BAIRNSDALE,ABC,Dec-2023
Pearcedale Road,CRANBOURNE SOUTH,B,Apr-2024
Pearcedale Road,PEARCEDALE,B,Apr-2024
Peel Street,BALLARAT,C,Aug-2024
Pender Street,THORNBURY,BCD,Jun-2024
Perkins Road,LARA,ABCD,Aug-2024
Perry Road,KEYSBOROUGH,CD,Aug-2024
Phillip Island Road,SURF BEACH,AC,Sep-2024
Pickles Street,ALBERT PARK,ABCD,Jun-2024
Pillars Road,BANGHOLME,BC,Aug-2024
Pine Park Drive,WOLLERT,BCD,Aug-2024
Pioneer Road,GROVEDALE,BC,Aug-2024
Piries-Goughs Bay Road,PIRIES,C,Apr-2024
Pitfield-Scarsdale Road,CAPE CLEAR,ABCD,Aug-2024
Pitfield-Scarsdale Road,SPRINGDALLAH,ABCD,Aug-2024
Pitfield-Scarsdale Road,NEWTOWN,BCD,Aug-2024
Pitt Street,ELTHAM,BC,Aug-2024
Plantation Road,CORIO,BC,Aug-2024
Plenty River Drive,GREENSBOROUGH,BC,Aug-2024
Plenty Road,BUNDOORA,ABCD,Jan-2024
Plenty Road,MILL PARK,ABCD,Jan-2024
Plenty Road,RESERVOIR,ABCD,Aug-2024
Plenty Road,YAN YEAN,AC,Aug-2024
Plenty Road,MERNDA,BCD,Aug-2024
Plummer Street,PORT MELBOURNE,BCD,Jun-2024
Plumpton  Avenue,GLENROY,BC,Aug-2024
Plumpton Road,FRASER RISE,ABCD,May-2024
Plumpton Road,PLUMPTON,ABCD,May-2024
Poath Road,HUGHESDALE,B,Mar-2024
Point Cook Road,POINT COOK,ABCD,T
Point Nepean Road,ROSEBUD,ABCD,T
Point Nepean Road,CAPEL SOUND,C,Sep-2024
Point Nepean Road,DROMANA,C,Sep-2024
Point Nepean Road,MCCRAE,C,Sep-2024
Point Nepean Road,TOOTGAROOK,C,Sep-2024
Point Richards Road,PORTARLINGTON,BC,Aug-2024
Police Road,SPRINGVALE,C,Aug-2024
Pollack Street,COLAC,C,Aug-2024
Port Fairy Road,BYADUK,C,May-2024
Port Fairy Road,HAMILTON,C,May-2024
Portarlington Road,MOOLAP,AC,Aug-2024
Portarlington-Queenscliff Road,MANNERIM,ABC,Aug-2024
Portland-Casterton Road,SANDFORD,C,T
Portland-Nelson Road,MOUNT RICHMOND,ABC,T
Portland-Nelson Road,PORTLAND,C,T
Pound Road,HAMPTON PARK,ABCD,Apr-2024
Pound Road,NARRE WARREN SOUTH,C,Apr-2024
Powells Avenue,EAST BENDIGO,C,May-2024
Power Road,ENDEAVOUR HILLS,B,Apr-2024
Powerscourt Street,MAFFRA,C,Dec-2023
Powlett Street,INVERLOCH,BC,Sep-2024
Prince Street,ROSEDALE,C,Dec-2023
Princes  Freeway,LONGWARRY,ABCD,T
Princes  Freeway,WARRAGUL,ABCD,T
Princes  Highway,MOE,ABCD,Feb-2024
Princes  Highway,EUMEMMERRING,BCD,Apr-2024
Princes Drive,MORWELL,ABCD,Feb-2024
Princes Freeway,WARRAGUL,ABC,T
Princes Freeway,DROUIN,ABCD,T
Princes Freeway,LONGWARRY NORTH,ABCD,T
Princes Freeway,BUNYIP NORTH,ABCD,T
Princes Freeway,MORWELL,ABCD,Feb-2024
Princes Freeway,NEWBOROUGH,ABCD,Feb-2024
Princes Freeway,NAR NAR GOON,ABCD,Apr-2024
Princes Freeway,BUNYIP,AC,Apr-2024
Princes Freeway,DARNUM,ACD,T
Princes Freeway,NILMA,ACD,T
Princes Freeway,GARFIELD,B,Apr-2024
Princes Freeway,TYNONG,B,Apr-2024
Princes Freeway,TYNONG NORTH,B,Apr-2024
Princes Freeway,PAKENHAM,BC,Apr-2024
Princes Freeway,LONGWARRY,BCD,T
Princes Highway,TERANG,ABC,Nov-2023
Princes Highway,NAR NAR GOON,ABC,Apr-2024
Princes Highway,HALLAM,ABC,Apr-2024
Princes Highway,GENOA,ABC,May-2024
Princes Highway,BELMONT,ABC,Aug-2024
Princes Highway,FLYNN,ABCD,Feb-2024
Princes Highway,MOE,ABCD,Feb-2024
Princes Highway,TRARALGON,ABCD,Feb-2024
Princes Highway,TRARALGON EAST,ABCD,Feb-2024
Princes Highway,OFFICER,ABCD,Apr-2024
Princes Highway,BERWICK,ABCD,Apr-2024
Princes Highway,WERRIBEE,ABCD,Apr-2024
Princes Highway,PAKENHAM,ABCD,May-2024
Princes Highway,HEYWOOD,AC,Nov-2023
Princes Highway,CLUB TERRACE,AC,May-2024
Princes Highway,POMBORNEIT,BC,Nov-2023
Princes Highway,PORT FAIRY,BC,Dec-2023
Princes Highway,JOHNSONVILLE,BC,Dec-2023
Princes Highway,LAKES ENTRANCE,BC,Dec-2023
Princes Highway,NOWA NOWA,BC,Dec-2023
Princes Highway,TOSTAREE,BC,May-2024
Princes Highway,OAKLEIGH EAST,BC,Jun-2024
Princes Highway,PIRRON YALLOCK,BC,Aug-2024
Princes Highway,HUNTINGDALE,BCD,Jun-2024
Princes Highway,TRAFALGAR,C,T
Princes Highway,DRUMBORG,C,T
Princes Highway,GREENWALD,C,T
Princes Highway,NARRAWONG,C,T
Princes Highway,TYRENDARRA,C,T
Princes Highway,ALLANSFORD,C,Nov-2023
Princes Highway,MUMBANNAR,C,Nov-2023
Princes Highway,LUCKNOW,C,Dec-2023
Princes Highway,CABBAGE TREE CREEK,C,May-2024
Princes Highway,MANORINA,C,May-2024
Princes Highway,MCKENZIE RIVER,C,May-2024
Princes Highway,NEWMERELLA,C,May-2024
Princes Highway,ORBOST,C,May-2024
Princes Highway,WAYGARA,C,May-2024
Princes Highway,SPRINGVALE,C,Aug-2024
Princes Way,WARRAGUL,ABCD,T
Princes Way,LONGWARRY,ACD,T
Princes Way,DROUIN,BCD,T
Princess Street,KEW,ACD,Jul-2024
Progress Road,ELTHAM NORTH,BC,Aug-2024
Promontory Road,YANAKIE,C,Sep-2024
Prospect Hill Road,NARRE WARREN,BC,Apr-2024
Prouses Road,CALIFORNIA GULLY,BCD,May-2024
Purnell Road,CORIO,ABCD,Aug-2024
Pyke Street,QUARRY HILL,C,May-2024
Pyrenees Highway,ELMHURST,BC,Feb-2024
Pyrenees Highway,AMPHITHEATRE,BC,Aug-2024
Pyrenees Highway,CASTLEMAINE,BCD,May-2024
Pyrenees Highway,ARARAT,C,T
Pyrenees Highway,EVERSLEY,C,T
Quarry Road,LANGWARRIN,ABC,Sep-2024
Queen Street,ALTONA,ABCD,T
Queen Street,MAFFRA,B,Dec-2023
Queen Street,WARRAGUL,BCD,T
Queen Street,ALTONA,C,T
Queens Avenue,CAULFIELD EAST,ABCD,Jul-2024
Racecourse Road,PAKENHAM,BC,Apr-2024
Racecourse Road,ASCOT,C,Aug-2024
Radford Road,RESERVOIR,ABCD,Aug-2024
Raglan Street,PRESTON,AC,Aug-2024
Raglan Street,SALE,C,Dec-2023
Railway Avenue,WERRIBEE,C,T
Raleigh Street,WESTMEADOWS,C,Aug-2024
Ranfurly Way,MILDURA,ABCD,Aug-2024
Rattray Road,MONTMORENCY,AC,Aug-2024
Rea Street,SHEPPARTON,ABC,Aug-2024
Recreation Road,YAN YEAN,B,Aug-2024
Rees Road,MELTON SOUTH,C,May-2024
Reeve Street,SALE,C,Dec-2023
Regent Street,MERNDA,BCD,Aug-2024
Reid Parade,HASTINGS,AB,Sep-2024
Remembrance Drive,CARDIGAN,AC,Aug-2024
Research Warrandyte Road,RESEARCH,BC,Aug-2024
Research-Warrandyte Road,NORTH WARRANDYTE,BC,Aug-2024
Reserve Road,CHELTENHAM,AC,Mar-2024
Reservoir Road,KENNINGTON,C,May-2024
Reservoir Road,SUNBURY,C,Aug-2024
Retreat Road,SPRING GULLY,BCD,May-2024
Reynolds Parade,PASCOE VALE SOUTH,C,Aug-2024
Reynolds Road,TEMPLESTOWE,ABC,Jun-2024
Rhodes Parade,PASCOE VALE,C,Aug-2024
Riddell Road,SUNBURY,AC,Aug-2024
Riggall Street,DALLAS,C,Aug-2024
Ring Road,ALFREDTON,ABCD,Aug-2024
Rippon Road,HAMILTON,BC,May-2024
River Avenue,MERBEIN SOUTH,ABCD,Aug-2024
River Drive,TARWIN LOWER,C,Sep-2024
River Road,COBRAM,C,May-2024
River Road,MURCHISON,C,Aug-2024
Riverine Street,BAIRNSDALE,C,Dec-2023
Riverside Avenue,MILDURA,BC,Aug-2024
Riverview Drive,KIALLA,ABCD,Aug-2024
Robinsons Road,LANGWARRIN,AB,Sep-2024
Robinsons Road,FRANKSTON,ABC,Sep-2024
Robinsons Road,LANGWARRIN SOUTH,ABC,Sep-2024
Robinsons Road,PEARCEDALE,B,Apr-2024
Robinvale-Sea Lake Road,ROBINVALE,BC,T
Rockbank Middle Road,CAROLINE SPRINGS,ABCD,May-2024
Rohs Road,EAST BENDIGO,BCD,May-2024
Rokewood-Shelford Road,ROKEWOOD,ABCD,Aug-2024
Rokewood-Skipton Road,ROKEWOOD,ABCD,Aug-2024
Rosedale-Heyfield Road,WINNINDOO,ABC,Dec-2023
Rosedale-Longford Road,LONGFORD,ABC,Dec-2023
Rosehill Road,LOWER PLENTY,BCD,Aug-2024
Rosella Avenue,WERRIBEE,C,Jul-2024
Rowan Drive,KEALBA,C,Jun-2024
Rowan Street,WANGARATTA,ABCD,Aug-2024
Rowes Road,WERRIBEE,C,T
Roxburgh Park Drive,ROXBURGH PARK,C,Aug-2024
Royal Parade,PARKVILLE,A,Aug-2024
Roycroft Avenue,MILL PARK,C,Aug-2024
Rushworth Road,MURCHISON,BC,Aug-2024
Rushworth-Tatura Road,RUSHWORTH,C,May-2024
Russell Street,CASTERTON,C,T
Russell Street,BALLARAT,C,Aug-2024
Ryans Road,ELTHAM NORTH,ABCD,Aug-2024
Ryrie Street,EAST GEELONG,ABCD,T
Ryrie Street,GEELONG,BCD,Aug-2024
Sages Road,BAXTER,BC,Sep-2024
Sailors Gully Road,EAGLEHAWK,C,May-2024
Sailors Gully Road,SAILORS GULLY,C,May-2024
Sale-Heyfield Road,DENISON,ABC,Dec-2023
Sale-Heyfield Road,FULHAM,C,Dec-2023
Salmon Street,PORT MELBOURNE,BCD,Aug-2024
Salmon Street,HASTINGS,C,Sep-2024
Saltlake Boulevard,WOLLERT,BCD,Aug-2024
Saltwater Promenade,POINT COOK,BC,T
Samaria Road,BENALLA,C,Apr-2024
San Mateo Avenue,MILDURA,ABCD,Aug-2024
Sand Road,LONGWARRY,ACD,T
Sanders Road,HAZELWOOD NORTH,BC,Feb-2024
Sandhurst Road,CALIFORNIA GULLY,ABCD,May-2024
Sandilong Avenue,IRYMPLE,BC,Aug-2024
Sandpiper Drive,TAYLORS LAKES,BC,May-2024
Saxonwood Drive,NARRE WARREN,BC,Apr-2024
Sayers Road,TARNEIT,ABCD,Apr-2024
Sayers Road,TRUGANINA,ABCD,Apr-2024
Sayers Road,HOPPERS CROSSING,C,T
Schotters Road,MERNDA,ABCD,Aug-2024
Scott Parade,BROWN HILL,ABCD,Aug-2024
Sea Lake-Swan Hill Road,SWAN HILL,C,T
Seaford Road,SEAFORD,C,Sep-2024
Seaspray Road,LONGFORD,C,Dec-2023
Seaspray Road,SEASPRAY,C,Dec-2023
Sebastopol-Smythesdale Road,ROSS CREEK,BC,Aug-2024
Selkirk Road,WOODSTOCK,AC,Aug-2024
Serpells Road,TEMPLESTOWE,BC,Jun-2024
Service Street,CLUNES,C,Aug-2024
Settlement Road,THOMASTOWN,ABCD,Aug-2024
Seventh Street,MILDURA,ABCD,Aug-2024
Seventh Street E,MILDURA,ABCD,Mar-2024
Seymour-Avenel Road,SEYMOUR,C,Aug-2024
Seymour-Pyalong Road,SEYMOUR,C,Aug-2024
Seymour-Tooborac Road,PUCKAPUNYAL,C,Aug-2024
Seymour-Tooborac Road,SEYMOUR,C,Aug-2024
Shakespeare Street,HAMILTON,C,May-2024
Shanahan Parade,NEWBOROUGH,AC,Feb-2024
Sharps Road,TULLAMARINE,ABCD,T
Shaws Road,WERRIBEE,C,T
Shearwater Drive,PAKENHAM,BC,Apr-2024
Sheepwash Road,BARWON HEADS,BC,Aug-2024
Shell Road,OCEAN GROVE,ABC,Aug-2024
Shell Road,POINT LONSDALE,ABC,Aug-2024
Sherbourne Road,MONTMORENCY,C,Aug-2024
Shoreline Drive,SEASPRAY,C,Dec-2023
Shrives Road,NARRE WARREN,B,Apr-2024
Simpsons Road,EAGLEHAWK,BCD,May-2024
Sinclairs Road,ROCKBANK,ABC,May-2024
Sixteenth Street,IRYMPLE,ABCD,Aug-2024
Sixteenth Street,MILDURA SOUTH,AC,Aug-2024
Sixteenth Street,MILDURA,BCD,Aug-2024
Skene Street,WARRNAMBOOL,C,Nov-2023
Skipton Street,REDAN,ABCD,Aug-2024
Skye Road,FRANKSTON,ABC,Sep-2024
Skyline Road,EILDON,B,Apr-2024
Sladen Street,CRANBOURNE,BC,Apr-2024
Smithfield Road,KENSINGTON,ABC,Aug-2024
Smiths Lane,PEARCEDALE,ABCD,Apr-2024
Smythes Road,DELACOMBE,BCD,Aug-2024
Snake Gully Drive,BUNDOORA,ABCD,Jan-2024
Sneydes Road,WERRIBEE,BC,T
Snow Road,OXLEY,ABCD,Aug-2024
Somerton Park Road,SALE,C,Dec-2023
Somerton Road,GREENVALE,ABC,Aug-2024
Somerton Road,BULLA,AC,Aug-2024
Somerville  Road,YARRAVILLE,BC,T
Somerville Road,SUNSHINE WEST,ABCD,Jun-2024
Somerville Road,YARRAVILLE,BCD,T
South Gippsland Highway,KOO WEE RUP,ABCD,T
South Gippsland Highway,DANDENONG SOUTH,ABCD,T
South Gippsland Highway,CRANBOURNE EAST,ABCD,Apr-2024
South Gippsland Highway,CLYDE,ABCD,Apr-2024
South Gippsland Highway,DEVON MEADOWS,ABCD,Apr-2024
South Gippsland Highway,YARRAM,AC,Dec-2023
South Gippsland Highway,LANG LANG,AC,Apr-2024
South Gippsland Highway,LYNBROOK,AC,Apr-2024
South Gippsland Highway,TOORADIN,BC,Apr-2024
South Gippsland Highway,ALBERTON,C,Dec-2023
South Gippsland Highway,HEDLEY,C,Dec-2023
South Gippsland Highway,LONGFORD,C,Dec-2023
South Gippsland Highway,STRADBROKE,C,Dec-2023
South Gippsland Highway,FIVE WAYS,C,Apr-2024
South Gippsland Highway,RUBY,C,Sep-2024
South Gippsland Highway,WELSHPOOL,C,Sep-2024
South Road,MOORABBIN,ABC,Jun-2024
South Road,HAMPTON,AC,Mar-2024
South Street,HADFIELD,BC,Aug-2024
South Valley Road,HIGHTON,ABCD,Aug-2024
Southern Road,HEIDELBERG HEIGHTS,C,Aug-2024
Specimen Hill Road,GOLDEN SQUARE,ABCD,Oct-2023
Specimen Hill Road,GOLDEN SQUARE,CD,May-2024
Spence Street,KEILOR PARK,BCD,Jun-2024
Spencer Street,MELBOURNE,ABCD,Aug-2024
Spring Gully Road,SPRING GULLY,ABCD,May-2024
Spring Road,DINGLEY VILLAGE,C,Jun-2024
Spring Road,SPRINGVALE SOUTH,CD,Aug-2024
Spring Street,PRESTON,ABCD,Aug-2024
Springbank Road,BULLAROOK,ABCD,Aug-2024
Springfield Road,BLACKBURN NORTH,C,Jun-2024
Springfield Road,MITCHAM,C,Jun-2024
Springs Road,CLARINDA,AC,Mar-2024
Springvale Road,FOREST HILL,ABCD,Jun-2024
Springvale Road,NUNAWADING,ABCD,Jun-2024
Springvale Road,KEYSBOROUGH,AC,Aug-2024
St Aidans Road,KENNINGTON,ABCD,May-2024
St Albans Road,ST ALBANS,ABCD,May-2024
St Albans Road,SUNSHINE NORTH,ABCD,May-2024
St Arnaud-Wycheproof Road,WOOROONOOK,C,Aug-2024
St Georges Road,CORIO,ABCD,Aug-2024
St Georges Road,TOORAK,BCD,Jun-2024
St Helena Road,ST HELENA,ABCD,Aug-2024
St James Road,ROSANNA,BCD,Aug-2024
St Kilda Road,ST KILDA,ABCD,Jun-2024
Stagecoach Boulevard,SOUTH MORANG,BCD,Aug-2024
Stanley Road,SILVER CREEK,ABCD,May-2024
Station Road,MELTON SOUTH,C,May-2024
Station Street,EPSOM,ABCD,Aug-2024
Station Street,FAIRFIELD,AC,Aug-2024
Station Street,NUNAWADING,ACD,Jun-2024
Station Street,OFFICER,B,Apr-2024
Station Street,POREPUNKAH,BCD,Apr-2024
Station Street,PORT MELBOURNE,BCD,Jun-2024
Station Street,BOX HILL,C,Jun-2024
Station Street,BOX HILL NORTH,C,Jun-2024
Station Street,BOX HILL SOUTH,C,Jun-2024
Stawell-Warracknabeal Road,WARRACKNABEAL,B,T
Stawell-Warracknabeal Road,GLENORCHY,C,T
Stawell-Warracknabeal Road,SHEEP HILLS,C,T
Stead Street,SALE,BC,Dec-2023
Stephensons Road,MOUNT WAVERLEY,C,Jun-2024
Sternberg Street,KENNINGTON,CD,May-2024
Stony Point Road,CRIB POINT,BC,Sep-2024
Strachans Road,MORNINGTON,BC,Sep-2024
Stratford-Maffra Road,MAFFRA,C,Dec-2023
Strathallan Road,MACLEOD,B,Aug-2024
Strickland Road,EAST BENDIGO,ABCD,May-2024
Strzelecki Highway,BERRYS CREEK,A,Sep-2024
Strzelecki Highway,MIRBOO NORTH,A,Sep-2024
Strzelecki Highway,DRIFFIELD,ABC,Feb-2024
Stud Road,ROWVILLE,AC,Jul-2024
Studley Park Road,KEW,ACD,May-2024
Studley Road,EAGLEMONT,BCD,Aug-2024
Sturt Highway,KARAWINNA,ABC,Aug-2024
Sturt Highway,YARRARA,ABC,Aug-2024
Sturt Highway,MERBEIN SOUTH,BC,Aug-2024
Sturt Highway,MERINGUR,C,Aug-2024
Sturt Highway,MERRINEE,C,Aug-2024
Sturt Highway,WARGAN,C,Aug-2024
Summerhill Road,GLEN IRIS,ACD,Jul-2024
Sunbury Road,SUNBURY,AC,Aug-2024
Sunraysia Highway,LAMPLOUGH,BC,Aug-2024
Sunraysia Highway,LEARMONTH,BC,Aug-2024
Sunraysia Highway,TANWOOD,BC,Aug-2024
Sunraysia Highway,GAMA,C,T
Sunraysia Highway,CARAPOOEE,C,T
Sunraysia highway,SWANWATER,C,T
Sunraysia Highway,BRONZEWING,C,Aug-2024
Sunraysia Highway,GYPSUM,C,Aug-2024
Sunraysia Highway,BIRCHIP,C,Aug-2024
Sunraysia Highway,DONALD,C,Aug-2024
Sunshine Avenue,KEILOR DOWNS,ABC,Jun-2024
Sunshine Avenue,TAYLORS LAKES,BCD,Jun-2024
Surrey Road,BLACKBURN NORTH,BCD,Jun-2024
Sussex Street,COBURG NORTH,B,Aug-2024
Sutton Street,WARRAGUL,CD,T
Swansea Road,LILYDALE,A,Jul-2024
Swansea Road,MONTROSE,C,May-2024
Sydenham Road,SYDENHAM,C,May-2024
Sydney Road,CAMPBELLFIELD,ABCD,Aug-2024
Sydney Road,CRAIGIEBURN,ABCD,Aug-2024
Sydney Road,FAWKNER,ABCD,Aug-2024
Sydney Street,ALBION,BCD,Jun-2024
Symonds Street,GOLDEN SQUARE,ACD,May-2024
Taggerty-Thornton Road,THORNTON,C,Apr-2024
Tallarook Street,SEYMOUR,ABCD,T
Tannery Lane,MANDURANG,ACD,May-2024
Tarcombe Road,SEYMOUR,BC,T
Tarcombe Street,EUROA,C,Apr-2024
Tarneit Road,HOPPERS CROSSING,ABC,T
Tarneit Road,TARNEIT,ABCD,Apr-2024
Tarneit Road,WERRIBEE,ABCD,Apr-2024
Tatura-Undera Road,GILLIESTON,BC,Aug-2024
Taylor Street,ASCOT,ABCD,May-2024
Taylors Road,TAYLORS HILL,ABC,May-2024
Taylors Road,CAROLINE SPRINGS,ABC,May-2024
Taylors Road,KEILOR DOWNS,ABCD,Jun-2024
Taylors Road,ST ALBANS,AC,May-2024
Taylors Road,PLUMPTON,BC,May-2024
Taylors Road,DELAHEY,BCD,May-2024
Templeton Street,WANTIRNA,ABC,Jul-2024
Templewood Crescent,AVONDALE HEIGHTS,BCD,Aug-2024
Tennyson Street,ELWOOD,BCD,Jun-2024
Tenth Street,MILDURA,BCD,Aug-2024
Tesselaar Road,WOLLERT,BCD,Jun-2024
Thacker Street,OCEAN GROVE,BC,Aug-2024
The Avenue,SPOTSWOOD,C,T
The Avenue,SUNBURY,C,Aug-2024
The Avenue of Honour,BACCHUS MARSH,BC,Aug-2024
The Boulevard,SHEPPARTON,BC,Aug-2024
The Boulevard,PORT MELBOURNE,BCD,Jun-2024
The Esplanade,TORQUAY,BC,Aug-2024
The Eyrie,EAGLEMONT,B,Aug-2024
The Lakes Boulevard,SOUTH MORANG,BC,Aug-2024
Thistle Street,GOLDEN SQUARE,BCD,May-2024
Thomas Street,BRIGHTON EAST,AC,Mar-2024
Thompson Road,BANGHOLME,ABCD,T
Thompson Road,NORLANE,BC,Aug-2024
Thompsons Road,LYNDHURST,ABC,Apr-2024
Thompsons Road,CRANBOURNE,BC,Apr-2024
Thompsons Road,NEWBOROUGH,BCD,Feb-2024
Thornhill Road,HIGHTON,ABCD,Aug-2024
Tinks Road,NARRE WARREN,B,Apr-2024
Tobin Street,ARARAT,BC,T
Tocumwal Road,NUMURKAH,C,May-2024
Todd Road,PORT MELBOURNE,ABCD,T
Todd Road,FISHERMENS BEND,BCD,Aug-2024
Tomahawk Creek Road,PIRRON YALLOCK,ABC,Aug-2024
Tomahawk Creek Road,IRREWILLIPE,BC,Aug-2024
Tone Road,WANGARATTA,ABCD,Aug-2024
Tonkin Avenue,COBURG NORTH,BCD,Aug-2024
Toolamba road,MOOROOPNA,BC,Aug-2024
Toomuc Valley Road,PAKENHAM,BC,Apr-2024
Toorak Road,SOUTH YARRA,ABCD,Jun-2024
Toorak Road,TOORAK,ABCD,Jun-2024
Tooronga Road,GLEN IRIS,ABCD,Aug-2024
Tooronga Road,HAWTHORN EAST,AC,Jun-2024
Tooronga Road,MALVERN EAST,C,Jun-2024
Torbay Street,MACLEOD,AC,Aug-2024
Torquay Road,GROVEDALE,ABCD,Aug-2024
Townsend Road,NEWCOMB,ABCD,Aug-2024
Toyon Road,KALKALLO,ABC,Aug-2024
Trafalgar-Mirboo North Road,TRAFALGAR SOUTH,ABCD,T
Traralgon Creek Road,TRARALGON SOUTH,ABC,Feb-2024
Traralgon West Road,MARYVALE,AC,Feb-2024
Traralgon-Maffra Road,HEYFIELD,ABC,Dec-2023
Traralgon-Maffra Road,GLENGARRY,ABC,Feb-2024
Traralgon-Maffra Road,COWWARR,ABCD,Dec-2023
Traralgon-Maffra Road,DENISON,C,Dec-2023
Traralgon-Maffra Road,MAFFRA,C,Dec-2023
Trentham Road,KYNETON,ABCD,T
Trentham Road,TYLDEN,CD,May-2024
Truemans Road,CAPEL SOUND,ABCD,T
Truemans Road,TOOTGAROOK,C,Sep-2024
Tucker Road,BENTLEIGH,C,Mar-2024
Tuckfield Street,OCEAN GROVE,BC,Aug-2024
Tulip Street,BLACK ROCK,C,Jun-2024
Twelfth Street,MILDURA,BC,Aug-2024
Twentieth Street,CARDROSS,C,Aug-2024
Twentieth Street,KOORLONG,C,Aug-2024
Twenty Second Street,RED CLIFFS,ABCD,Aug-2024
Twyford Road,CLYDE,B,Apr-2024
Tyabb-Tooradin Road,PEARCEDALE,B,Apr-2024
Tyers Street,STRATFORD,C,Dec-2023
U T Creek Road,ALEXANDRA,B,Apr-2024
Ultimo Street,MANSFIELD,BCD,Apr-2024
Union Road,SURREY HILLS,BCD,Jun-2024
Union Road,BALWYN,C,May-2024
Union Street,BRIGHTON EAST,B,Jun-2024
Upper California Gully Road,CALIFORNIA GULLY,ABCD,May-2024
Upper Heidelberg Road,IVANHOE,B,Aug-2024
UT Creek Road,EILDON,B,Apr-2024
Valley Drive,WALLAN,BC,Aug-2024
Vasey Avenue,LALOR,BCD,Aug-2024
Ventnor Road,VENTNOR,C,Sep-2024
Victa Road,EAST BENDIGO,ABCD,May-2024
Victoria Cross Parade,WODONGA,BCD,May-2024
Victoria Road,NORTHCOTE,ABCD,Aug-2024
Victoria Road,THORNBURY,ABCD,Aug-2024
Victoria Street,BRUNSWICK,ABC,Aug-2024
Victoria Street,BRUNSWICK WEST,ABC,Aug-2024
Victoria Street,CARISBROOK,ABCD,Aug-2024
Victoria Street,PRESTON,BC,Aug-2024
Victoria Street,IRONBARK,BCD,May-2024
Victoria Street,ALTONA MEADOWS,C,T
Victoria Street,WILLIAMSTOWN,C,T
Victoria Street,HAMILTON,C,May-2024
View Street,ST ALBANS,C,May-2024
Villa Road,SPRINGVALE,BCD,Aug-2024
Vincent Avenue,ST ALBANS,C,May-2024
Vineyard Road,SUNBURY,ABC,Aug-2024
Wahring-Murchison East Road,MURCHISON EAST,C,Aug-2024
Wahring-Murchison Road,WAHRING,C,Aug-2024
Waiora Road,HEIDELBERG HEIGHTS,ABCD,Aug-2024
Wallace Street,BAIRNSDALE,C,Dec-2023
Wallan Road,WHITTLESEA,BCD,Aug-2024
Wallan Road,GLENVALE,C,Aug-2024
Wallington-Ocean Grove Road,WALLINGTON,ABCD,Aug-2024
Walnut Avenue,MILDURA,ABCD,Aug-2024
Walnut Avenue,MILDURA SOUTH,C,Aug-2024
Wanda Street,MULGRAVE,ABCD,Jun-2024
Wangandary Road,WANGARATTA,BC,T
Wangaratta Road,WANGARATTA,ABC,May-2024
Wangaratta Whitfield Road,KING VALLEY,C,May-2024
Wangaratta-Whitfield Road,WANGARATTA,ABCD,Aug-2024
Wangaratta-Yarrawonga Road,KILLAWARRA,ABC,May-2024
Wangaratta-Yarrawonga Road,WALDARA,ABCD,Aug-2024
Wangaratta-Yarrawonga Road,PEECHELBA,BC,May-2024
Wangoom Road,WARRNAMBOOL,C,Jan-2024
Warburton Highway,LILYDALE,ABC,May-2024
Warburton Highway,WESBURN,ABC,May-2024
Warburton Highway,SEVILLE,ABCD,May-2024
Warburton Highway,WOORI YALLOCK,AC,May-2024
Warneet Road,BLIND BIGHT,B,Apr-2024
Warneet Road,WARNEET,B,Apr-2024
Warragul-Korumburra Road,WARRAGUL SOUTH,ABC,T
Warralily Boulevard,ARMSTRONG CREEK,ABCD,Aug-2024
Warrandyte Road,RINGWOOD NORTH,ABC,Jul-2024
Warrandyte Road,LANGWARRIN,ABC,Sep-2024
Warrandyte Road,LANGWARRIN SOUTH,BC,Sep-2024
Warrigal Road,HEATHERTON,ABCD,T
Warrigal Road,CHADSTONE,ABCD,Apr-2024
Warrigal Road,BENTLEIGH EAST,AC,Mar-2024
Warrigal Road,OAKLEIGH SOUTH,C,Jun-2024
Warrigal Road,BURWOOD,C,Jun-2024
Waterside Drive,WATERWAYS,BC,Mar-2024
Waterview Drive,MERNDA,BC,Aug-2024
Watson Street,WALLAN,ABCD,T
Wattle Glen-Kangaroo Ground Road,KANGAROO GROUND,AC,Aug-2024
Wattle Road,MAIDSTONE,C,T
Wattle Valley Road,CAMBERWELL,ABCD,Jun-2024
Wattletree Road,MALVERN,AC,Jun-2024
Wattletree Road,MALVERN EAST,C,Jun-2024
Wattletree Road,ARMADALE,CD,Jun-2024
Waverley Road,MALVERN EAST,C,Aug-2024
Wawunna Road,HORSHAM,BC,T
Weatherall Road,CHELTENHAM,AC,Mar-2024
Webb Dock Drive,PORT MELBOURNE,ABCD,T
Webb Road,ROCHESTER,AB,May-2024
Wedge Road,CARRUM DOWNS,C,Sep-2024
Welcome Road,DIGGERS REST,BC,May-2024
Wellington Parade South,EAST MELBOURNE,BCD,Aug-2024
Wellington Road,CLAYTON,ABCD,T
Wellington Road,WHEELERS HILL,ABCD,T
Wellington Road,LYSTERFIELD,ACD,Jul-2024
Wellington Street,STRATHFIELDSAYE,ABCD,May-2024
Wells Road,ASPENDALE GARDENS,ABCD,T
Wells Road,CHELSEA HEIGHTS,ABCD,T
Wells Road,SEAFORD,C,Sep-2024
Wendouree Parade,BALLARAT,C,Aug-2024
Wentworth Road,MERBEIN,C,Aug-2024
Were Street,BRIGHTON,ABC,Mar-2024
Werril Street,SWAN HILL,BC,Aug-2024
West Street,GLENROY,C,Aug-2024
Westall Road,CLAYTON,ABC,Jun-2024
Westall Road,SPRINGVALE SOUTH,C,Aug-2024
Westall Road Extension,DINGLEY VILLAGE,C,Mar-2024
Western Avenue,WESTMEADOWS,BC,Aug-2024
Western Freeway,ROCKBANK,ABC,May-2024
Western Freeway,TRUGANINA,ABCD,T
Western Freeway,MELTON,ABCD,May-2024
Western Freeway,BACCHUS MARSH,ABCD,Aug-2024
Western Freeway,BALLAN,ABCD,Aug-2024
Western Freeway,BUANGOR,B,T
Western Freeway,GORDON,C,Aug-2024
Western Highway,LEIGH CREEK,ABC,Aug-2024
Western Highway,CAROLINE SPRINGS,ABCD,T
Western Highway,GREAT WESTERN,ABCD,Mar-2024
Western Highway,STAWELL,ABCD,Mar-2024
Western Highway,WARRENHEIP,ABCD,Jul-2024
Western Highway,BEAUFORT,ABCD,Aug-2024
Western Highway,WINDERMERE,ABCD,Aug-2024
Western Highway,DIMBOOLA,AC,T
Western Highway,DRUNG,AC,T
Western Highway,LAWLOIT,AC,T
Western Highway,MIRAM,AC,T
Western Highway,BURRUMBEET,ACD,Aug-2024
Western Highway,ARARAT,B,T
Western Highway,DADSWELLS BRIDGE,BC,T
Western Highway,ARMSTRONG,C,T
Western Highway,DEEP LEAD,C,T
Western Highway,DAHLEN,C,T
Western Highway,DRUNG DRUNG SOUTH,C,T
Western Highway,GERANG GERUNG,C,T
Western Highway,KINIMAKATKA,C,T
Western Highway,LOCHIEL,C,T
Western Highway,MIRAM SOUTH,C,T
Western Port Highway,LANGWARRIN,ABC,Sep-2024
Western Port Highway,SKYE,ABC,Sep-2024
Western Port Highway,LYNDHURST,C,Aug-2024
Westernport Highway,LANGWARRIN,C,Apr-2024
Westernport Road,LANG LANG,B,Apr-2024
Westernport Road,RIPPLEBROOK,C,T
Westgarth Street,WESTGARTH,BCD,Aug-2024
Westmelton Drive,MELTON WEST,C,May-2024
Westmoreland Road,SUNSHINE NORTH,BCD,Jun-2024
Westwood Drive,BURNSIDE,ABCD,May-2024
Westwood Drive,CAROLINE SPRINGS,ABCD,May-2024
Wheatsheaf Road,GLENROY,BCD,Aug-2024
White Hill Road,DROMANA,C,Sep-2024
Whites Road,WARRNAMBOOL,C,Nov-2023
Whitfield Road,MOYHU,BC,Apr-2024
Whittlesea-Kinglake Road,KINGLAKE CENTRAL,BC,Aug-2024
Whittlesea-Kinglake Road,KINGLAKE WEST,BC,Aug-2024
Whittlesea-Kinglake Road,PHEASANT CREEK,BC,Aug-2024
Whittlesea-Yea Road,WHITTLESEA,ABCD,Aug-2024
Wickham Road,HIGHETT,ABCD,Jun-2024
Wickham Road,MOORABBIN,C,Jun-2024
Widford Street,GLENROY,C,Aug-2024
Willaton Street,ST ALBANS,C,May-2024
Williams Road,PRAHRAN,C,Jun-2024
Williamson Street,BENDIGO,ABCD,May-2024
Williamstown Road,PORT MELBOURNE,BCD,Jun-2024
Willis Street,HAMPTON,ABC,Mar-2024
Willowgrove Road,TRAFALGAR,AC,T
Wilsons Road,MORNINGTON,BC,Sep-2024
Wilton Vale Road,SOUTH MORANG,BC,Aug-2024
Wimmera Highway,NEWBRIDGE,ABCD,Aug-2024
Wimmera Highway,APSLEY,C,T
Wimmera Highway,KOOREH,C,T
Wimmera Highway,MOOLERR,C,T
Wimmera Highway,ST ARNAUD,C,T
Wimmera Highway,HORSHAM,C,T
Wimmera Highway,KARNAK,C,T
Wimmera Highway,QUANTONG,C,T
Windsor Avenue,SPRINGVALE,BC,Aug-2024
Winmalee Road,BALWYN,ABCD,May-2024
Winton-Glenrowan Road,WINTON NORTH,BC,Apr-2024
Withers Lane,MANSFIELD,BCD,Apr-2024
Witt Street,BENALLA,BC,May-2024
Wodonga-Yackandandah Road,BARANDUDA,AC,May-2024
Wodonga-Yackandandah Road,STAGHORN FLAT,C,May-2024
Wollaston Road,WARRNAMBOOL,C,Nov-2023
Wood Street,FLINDERS,BC,Sep-2024
Wood Street,PRESTON,C,Aug-2024
Woodbine Road,CRANBOURNE NORTH,BCD,Apr-2024
Woodend-Tylden Road,TYLDEN,AC,Aug-2024
Woodland Street,ESSENDON,BCD,Aug-2024
Woodland Street,STRATHMORE,C,Aug-2024
Woods Point Road,EAST WARBURTON,ABC,May-2024
Woods Point Road,MCMAHONS CREEK,ABC,May-2024
Woods Street,BEACONSFIELD,AD,Apr-2024
Wooralla Drive,MOUNT ELIZA,BCD,Sep-2024
Woori Yallock Road,COCKATOO,ABC,Apr-2024
Woori Yallock Road,NANGANA,ABC,Apr-2024
Woorinen Road,SWAN HILL,C,Aug-2024
Woorinen-Vinifera Road,WOORINEN NORTH,BC,Aug-2024
Woorinen-Vinifera Road,WOORINEN SOUTH,BC,Aug-2024
Worsley Road,BANGHOLME,ABCD,Aug-2024
Wright Street,SUNSHINE,ABCD,Jun-2024
Wright Street,SUNSHINE WEST,BCD,Jun-2024
Wungan Street,MACLEOD,BC,Aug-2024
Wurundjeri Way,DOCKLANDS,ABCD,Aug-2024
Yallambie Road,YALLAMBIE,AC,Aug-2024
Yankee Flat Road,WARRENHEIP,C,Aug-2024
Yarra Boulevard,KEW,ABCD,Jan-2024
Yarra Boulevard,RICHMOND,BC,Aug-2024
Yarra Glen Bypass,YARRA GLEN,C,Jul-2024
Yarra Road,WONGA PARK,C,Jun-2024
Yarrawonga Wangaratta Road,PEECHELBA,BC,May-2024
York Street,BALLARAT EAST,ABC,Aug-2024
Yuille Street,MELTON,BC,May-2024